,return,market cap
A000010,,
A000020,0.20073891625615714,272332.0
A000030,0.23529411764705802,10647000.0
A000040,-0.6232665639445302,61186.0
A000050,-0.09150326797385605,381072.0
A000060,0.5359477124183006,2592943.0
A000070,0.020920502092050184,1044841.0
A000075,-0.12539184952978055,16966.0
A000080,0.14218009478673194,1690220.0
A000085,,
A000087,-0.005434782608696242,20682.0
A000100,0.1455832274061168,2554831.0
A000105,0.23939055727152322,45112.0
A000107,,
A000110,,
A000120,-0.21787709497206842,3193728.0
A000140,-0.18875502008032113,234388.0
A000145,-0.06285714285714297,4633.0
A000147,,
A000149,,
A000150,0.07619047619047602,2169374.0
A000155,0.12404287901990857,323773.0
A000157,0.10876132930513543,72349.0
A000180,-0.17610062893081724,182749.0
A000200,,
A000205,,
A000210,-0.053960964408725144,2867520.0
A000215,0.07817589576547204,125780.0
A000220,0.2809472551130233,75786.0
A000225,0.1067961165048533,7753.0
A000227,0.49200000000000227,3060.0
A000230,-0.4127906976744191,158928.0
A000240,-0.08915662650602357,1758081.0
A000250,,
A000270,-0.14649681528662406,13579672.0
A000280,,
A000300,-0.22751322751322745,64328.0
A000310,,
A000315,,
A000317,,
A000320,0.03205128205128139,213988.0
A000325,0.41237113402061965,3807.0
A000327,0.12,
A000360,,
A000365,,
A000370,0.1502048890772907,950255.0
A000380,,
A000390,-0.2552976791120092,193330.0
A000400,0.2033195020746898,389412.0
A000420,,
A000425,,
A000430,-0.16517857142857087,231880.0
A000440,,
A000470,,
A000475,,
A000480,0.016336056009334413,348400.0
A000490,0.342657342657344,227791.0
A000500,0.033783783783782925,95480.0
A000520,0.014268727705113022,46915.0
A000540,0.44399460188933854,343698.0
A000545,0.35802469135802556,3802.0
A000547,0.34567901234567955,3348.0
A000590,-0.0061957868649321545,92589.0
A000610,,
A000640,-0.1821086261980835,785693.0
A000650,0.04525386313465662,135347.0
A000660,0.7114093959731504,55692181.0
A000670,0.009398496240601246,1978351.0
A000680,-0.04612850082372291,228135.0
A000685,,
A000687,,
A000700,0.1101398601398603,165366.0
A000720,-0.1518691588785044,4042214.0
A000725,0.005296610169493138,4691.0
A000760,-0.06735751295336896,50400.0
A000790,,
A000800,,
A000805,,
A000810,-0.0055865921787713905,12649081.0
A000815,-0.027472527472527843,564984.0
A000830,,
A000835,,
A000840,,
A000850,0.10317460317460242,122320.0
A000860,0.03596127247579526,243425.0
A000880,0.18402282453637717,3110788.0
A000885,0.15447154471544702,10209.0
A000887,,
A00088K,0.08035714285714145,407867.0
A000890,-0.2633962264150946,94253.0
A000895,,
A000900,,
A000905,,
A000910,-0.0249376558603507,61041.0
A000950,-0.2633587786259548,32424.0
A000970,-0.09576612903225772,204520.0
A000980,,
A000985,,
A000990,-0.24528301886792475,532414.0
A000995,0.14983164983165043,3836.0
A000997,,
A001000,,
A001020,-0.6916520431185761,66686.0
A001030,,
A001035,,
A001040,-0.029411764705883157,5295625.0
A001045,0.03351206434316367,174263.0
A001047,,
A001049,,
A001060,-0.1234180889353308,867551.0
A001065,0.04793441828534615,4176.0
A001067,0.09078294832592339,3584.0
A001070,-0.17149220489977704,78864.0
A001080,-0.05699481865285115,75530.0
A001110,,
A001120,-0.07179487179487273,1052334.0
A001130,-0.0750000000000014,281385.0
A001140,-0.46126012291080354,15780.0
A001150,,
A001155,,
A001190,,
A001200,0.4353182751540044,338548.0
A001210,-0.24017003188097902,49450.0
A001230,-0.004524886877829309,1049760.0
A001250,-0.09693053311793172,230682.0
A001260,-0.17170329670329593,59210.0
A001265,,
A001270,0.3377659574468078,260803.0
A001275,0.20316622691292827,68400.0
A001280,,
A001290,0.562216167120799,87957.0
A001295,,
A001300,,
A001310,,
A001340,0.33249370277078155,118809.0
A001350,,
A001360,-0.03942652329749119,166536.0
A001370,,
A001375,,
A001380,0.1713030746705725,179857.0
A001385,,
A001390,0.6610169491525433,303149.0
A001400,,
A001420,-0.19230769230769346,26334.0
A001430,0.13698630136986228,1041795.0
A001440,-0.3935309973045819,963532.0
A001450,0.4920634920634923,4201800.0
A001460,-0.22921914357682588,191132.0
A001465,-0.11849710982659051,32846.0
A001470,0.3156899810964072,130617.0
A001490,,
A001500,0.14736842105263204,319775.0
A001510,0.12745098039215622,368135.0
A001515,1.2675159235668787,13929.0
A001520,-0.3350083752093802,473788.0
A001525,-0.33636363636363664,5862.0
A001527,-0.19531249999999986,3178.0
A001529,-0.04731182795698991,1987.0
A001530,-0.08850188410224977,125432.0
A001540,,
A001550,-0.0800000000000002,58011.0
A001560,-0.052969502407704004,59000.0
A001570,-0.16917922948073816,105921.0
A001580,,
A001590,,
A001600,,
A001620,-0.5555091819699499,56777.0
A001630,0.0522496371552961,363215.0
A001670,,
A001675,,
A001680,0.04356060606060565,954553.0
A001685,0.03112840466926004,18155.0
A001687,,
A001689,-0.14126394052044683,
A001690,,
A001695,,
A001697,,
A001720,0.1340000000000004,532200.0
A001725,0.1743315508021381,387252.0
A001740,-0.039017341040462686,1650448.0
A001745,0.1068548387096766,6239.0
A001750,0.06482758620689524,98264.0
A001755,0.21542553191489458,4799.0
A001770,-0.3422562141491399,20896.0
A001780,-0.3570093457943926,256363.0
A001785,,
A001787,,
A001790,0.02083333333333335,216580.0
A001795,0.14056224899598363,9206.0
A001797,,
A001799,0.12652068126520857,3002.0
A001800,-0.17171717171717185,1669464.0
A001810,,
A001820,3.023364485981305,447505.0
A001830,,
A001835,,
A001837,,
A001840,,
A001850,,
A001880,-0.11242603550295789,227696.0
A001890,,
A001920,,
A001940,0.21241830065359324,274189.0
A001950,,
A001955,,
A001970,,
A001975,,
A001980,,
A002000,0.25230202578269034,342708.0
A002005,0.335600907029479,13393.0
A002020,0.04778156996586981,740557.0
A002025,0.12301587301587177,30462.0
A002027,,
A002030,0.11165048543689322,250872.0
A002050,,
A002055,,
A002070,-0.12203389830508485,53364.0
A002080,,
A002100,0.036206896551723135,130367.0
A002105,,
A002130,,
A002140,-0.5967016491754122,67087.0
A002150,0.012282497441146772,166745.0
A002170,-0.22650375939849682,123450.0
A002180,,
A002200,-0.12569832402234746,62600.0
A002210,0.18138424821002228,122545.0
A002220,0.057999999999999635,53958.0
A002230,,
A002240,-0.09284509223663516,590400.0
A002250,0.19409282700421904,335579.0
A002270,-0.12930251305652724,625924.0
A002290,,
A002300,-0.27272727272727326,112111.0
A002310,-0.005464480874317556,163008.0
A002320,-0.09722222222222211,311341.0
A002350,-0.09230769230769167,1152481.0
A002355,0.09245283018867835,37635.0
A002360,-0.10793650793650872,156143.0
A002365,,
A002380,0.05980528511822155,4022031.0
A002390,0.2571428571428566,415605.0
A002410,-0.31886792452830204,42904.0
A002420,0.2398648648648648,29917.0
A002450,-0.0838206627680314,212748.0
A002460,0.12222222222222374,188630.0
A002470,,
A002480,,
A002530,,
A002535,,
A002540,,
A002550,0.25430210325047786,
A002580,,
A002585,,
A002600,0.5737704918032791,172800.0
A002610,,
A002615,,
A002620,-0.3593185153369841,155569.0
A002630,-0.3552238805970154,176099.0
A002670,,
A002680,,
A002690,-0.13280212483399748,48975.0
A002700,-0.2292817679558019,99111.0
A002710,-0.23326572008113644,42227.0
A002720,0.18720432529848752,91680.0
A002740,,
A002745,,
A002760,-0.06735751295336767,64692.0
A002780,-0.2959558823529412,278351.0
A002785,-0.26480599046970704,2777.0
A002787,-0.17723509066135726,2314.0
A002790,0.06015037593984886,11626603.0
A002795,0.06352087114337676,377605.0
A002797,,
A002800,,
A002810,0.002832861189802266,291459.0
A002820,-0.2666666666666663,97082.0
A002840,0.07398568019093114,178411.0
A002850,,
A002855,,
A002857,,
A002860,,
A002870,-0.12085561497326336,28736.0
A002880,-0.36826347305389234,96926.0
A002900,-0.5699208443271769,106584.0
A002920,-0.19729425028184946,92373.0
A002930,,
A002940,,
A002950,,
A002955,,
A002957,,
A002960,-0.13318284424379348,499200.0
A002990,-0.01756198347107536,340929.0
A002995,0.23098591549295813,6386.0
A003000,-0.020746887966804864,1051722.0
A003010,-0.16164053075995127,44177.0
A003020,,
A003030,0.03887688984881147,577200.0
A003040,,
A003050,,
A003060,0.0472541507024271,346937.0
A003070,-0.12678571428571428,246558.0
A003075,0.6405529953917029,5568.0
A003079,,
A003080,0.07067137809187403,121321.0
A003090,1.1896571234581848,1125047.0
A003100,,
A003110,,
A003120,0.08943089430894248,356440.0
A003160,0.09032943676939324,161579.0
A003190,,
A003200,-0.10931174089068849,264000.0
A003220,0.11861795774647851,387728.0
A003230,1.3871763255240448,729196.0
A003240,0.39070749736008425,1466348.0
A003260,,
A003280,-0.3948428686543108,95913.0
A003300,0.8815789473684199,1078980.0
A003310,,
A003320,,
A003330,,
A003335,,
A003340,,
A003350,0.765996343692868,218896.0
A003380,,
A003410,0.2601351351351342,1879396.0
A003415,0.2933884297520667,4832.0
A003417,,
A003419,-0.1151315789473686,
A00341A,,
A00341D,,
A003430,,
A003450,,
A003457,,
A003460,0.03583061889250831,180314.0
A003465,0.04861111111111224,52779.0
A003470,0.23125996810207314,770369.0
A003475,0.1316964285714285,32732.0
A003480,-0.20198019801980155,119005.0
A003490,0.3164547116244698,3210491.0
A003495,0.33044839333394543,16051.0
A003497,,
A003520,-0.004535147392290677,1605798.0
A003530,0.2949640287769787,465595.0
A003535,0.29569892473118325,11568.0
A003540,0.3846153846153836,731137.0
A003545,0.2986301369863013,246480.0
A003547,0.30191458026509416,88400.0
A003550,0.5166666666666654,15702699.0
A003555,0.2727272727272716,164739.0
A003560,0.36193029490616613,368690.0
A003570,-0.19569892473118217,242901.0
A003580,-0.022857142857143468,81999.0
A003590,,
A003595,,
A003600,,
A003605,,
A003610,-0.11308203991130761,84628.0
A003620,-0.35107731305449874,706301.0
A003640,,
A003650,-0.09302325581395264,149264.0
A003660,,
A003670,,
A003680,-0.2089371980676326,35881.0
A003690,-0.03508771929824624,1324060.0
A003720,-0.2738853503184711,38760.0
A003780,-0.34085778781038384,37960.0
A003800,,
A003810,,
A003830,0.09569377990430643,152056.0
A003850,-0.22580645161290375,424320.0
A003900,,
A003905,,
A003920,-0.05040871934604918,501840.0
A003925,-0.08811475409836017,37082.0
A003930,,
A003940,,
A003945,,
A003960,0.35911602209944676,146630.0
A003965,,
A003980,,
A003985,,
A003990,,
A004000,1.1174551386623135,1674420.0
A004010,,
A004020,0.028070175438596395,7819923.0
A004025,,
A004060,-0.1903930131004366,187648.0
A004080,0.07766990291262185,106560.0
A004090,-0.06310679611650541,63227.0
A004100,-0.25764192139738046,62390.0
A004105,-0.23451327433628189,11418.0
A004110,,
A004130,1.1240310077519375,563772.0
A004135,0.3490959666203057,20952.0
A004137,,
A004140,-0.29828850855745737,46672.0
A004145,,
A004147,,
A004149,,
A004150,-0.3186567164179109,211633.0
A004155,,
A004170,0.7045454545454533,2953554.0
A004175,,
A004190,,
A004200,-0.0620031796502388,127145.0
A004230,,
A004250,-0.18944099378882023,191678.0
A004255,-0.14740368509212803,13438.0
A004270,0.17711171662125397,78218.0
A004290,,
A004295,,
A004310,-0.19886003799873403,121440.0
A004320,,
A004325,,
A004360,-0.16831683168316758,243289.0
A004365,-0.03499999999999981,28481.0
A004367,,
A004370,0.06466165413533687,2153255.0
A004380,1.0092592592592577,455700.0
A004390,,
A004410,0.6688311688311699,86714.0
A004415,2.30573248407643,11545.0
A004420,,
A004430,0.5789473684210558,648000.0
A004440,-0.35532994923857897,161696.0
A004450,0.14855875831485676,111597.0
A004460,,
A004465,,
A004490,-0.044117647058822936,500500.0
A004510,,
A004530,,
A004540,-0.2727272727272728,154921.0
A004545,-0.03779069767441904,6060.0
A004550,,
A004555,,
A004560,-0.0564516129032254,176422.0
A004565,-0.028138528138528577,4932.0
A004590,,
A004620,,
A004650,,
A004660,,
A004690,0.11330049261083835,458218.0
A004700,-0.041031652989449593,271950.0
A004710,0.08090614886731262,369235.0
A004720,-0.3362318840579712,129251.0
A004730,,
A004735,,
A004740,-0.9494324045407637,
A004770,-0.3029556650246299,84833.0
A004780,,
A004790,,
A004800,-0.041237113402061355,4898885.0
A004820,,
A004830,-0.42421875,57781.0
A004835,-0.007042253521127726,3925.0
A004837,,
A004840,-0.34744707347446985,149340.0
A004870,1.0390898483080517,248003.0
A004890,-0.19184652278177453,163459.0
A004910,-0.11013215859030902,129280.0
A004920,-0.149289099526067,32157.0
A004940,,
A004945,,
A004947,,
A004960,0.42767295597484356,244709.0
A004965,,
A004970,0.1384083044982701,263200.0
A004980,-0.19313304721030003,135408.0
A004985,0.016326530612244844,3664.0
A004987,0.338383838383837,2339.0
A004989,0.08397932816537478,2407.0
A004990,-0.05404030863569687,4796763.0
A00499K,-0.24095022624434384,66270.0
A005010,0.0032467532467523796,106893.0
A005030,-0.6501547987616105,30312.0
A005060,,
A005070,1.9941860465116301,251495.0
A005090,-0.3477611940298503,212138.0
A005110,-0.7119932432432434,58752.0
A005160,,
A005180,-0.010971786833855445,621613.0
A005190,-0.14728682170542715,88037.0
A005250,0.6491596638655466,1845857.0
A005255,-0.45052631578947416,
A005257,0.262910798122065,22757.0
A005270,,
A005280,,
A005290,,
A005300,-0.08770460575315839,1062331.0
A005305,-0.14992121403844322,43960.0
A005320,-0.23549655850540804,40532.0
A005330,,
A005350,,
A005360,-0.32941176470588224,53857.0
A005370,,
A005380,0.06849315068493154,34363131.0
A005385,-0.020898641588296643,2352805.0
A005387,0.026156941649897937,3836614.0
A005389,-0.05280528052805182,213382.0
A005390,-0.14457831325301193,153049.0
A005410,,
A005420,5.481481481481485,392659.0
A005430,0.2365339578454331,167184.0
A005440,-0.02922077922078067,1460682.0
A005450,-0.08539846674986648,34623.0
A005490,0.29126213592233235,28989623.0
A005500,0.03165467625899307,498315.0
A005560,,
A005580,,
A005600,,
A005605,,
A005610,-0.07669616519174002,1350440.0
A005620,0.4690476190476198,
A005670,,
A005680,0.074074074074073,261000.0
A005690,0.0982658959537554,332926.0
A005710,,
A005720,-0.06064356435643429,406399.0
A005725,0.060362173038229994,18975.0
A005740,0.0051254742727820275,224195.0
A005745,0.1799280638652515,8080.0
A005750,-0.2340936374549824,106369.0
A005760,,
A005770,,
A005790,,
A005795,,
A005797,,
A005800,-0.12536443148687998,135000.0
A005810,0.08247422680412321,411346.0
A005820,0.013129102844639064,50930.0
A005830,0.13920000000000038,5040960.0
A005850,0.13689095127610246,829695.0
A005860,,
A005870,-0.16176470588235245,160923.0
A005880,0.3284883720930225,558146.0
A005890,,
A005895,,
A005897,,
A005900,,
A005930,0.413984461709212,328942963.0
A005935,0.4584787159804607,38143712.0
A005940,0.44041450777202057,3911584.0
A005945,0.32100591715976,168518.0
A005950,-0.06441717791411103,232990.0
A005960,0.013039117352056168,210621.0
A005965,-0.11405835543766557,3770.0
A005980,-0.6128865979381445,96975.0
A005990,,
A006000,,
A006040,-0.07565337001375716,1130035.0
A006050,,
A006060,-0.019138755980862388,567030.0
A006070,,
A006090,-0.040293040293040115,123438.0
A006110,-0.18875000000000056,35695.0
A006120,0.2567064623713079,1883060.0
A006125,0.4945002391200398,114094.0
A006140,,
A006150,,
A006160,,
A006165,,
A006200,-0.13319011815252496,37770.0
A006210,,
A006220,-0.06413612565445019,158221.0
A006250,,
A006260,0.22259696458684589,2334500.0
A006280,0.4394904458598734,2641158.0
A006290,,
A006295,,
A006300,,
A006340,-0.15354330708661498,73215.0
A006345,-0.2699186991869919,5885.0
A006347,,
A006350,,
A006360,0.06792452830188671,2028409.0
A006370,-0.13309352517985626,130400.0
A006375,,
A006380,0.11470588235294052,303200.0
A006390,-0.4474637681159415,255568.0
A006400,0.8761467889908258,14062346.0
A006405,0.7124542124542119,151273.0
A006440,,
A006445,,
A006490,0.3196480938416425,196359.0
A006570,-0.09836065573770457,83738.0
A006580,,
A006600,,
A006605,,
A006610,,
A006620,,
A006650,-0.04355716878402838,1712750.0
A006660,0.008810572687223956,93046.0
A006730,,
A006740,-0.053833605220227336,64380.0
A006750,,
A006800,0.2692851087877921,6123448.0
A006805,0.12685714285714306,86284.0
A00680K,,
A006840,0.2232142857142843,907458.0
A006880,-0.1180981595092041,68016.0
A006890,-0.13047619047619036,52954.0
A006910,,
A006920,,
A006980,-0.09662576687116609,91001.0
A007050,,
A007070,-0.15336134453781536,3103100.0
A007090,,
A007091,,
A007100,,
A007110,-0.10830324909747305,95659.0
A007120,-0.5191111111111114,56041.0
A007150,,
A007160,0.06885758998435093,341500.0
A007190,0.07758620689655157,
A007195,,
A007197,0.08848314606741572,
A007200,,
A007210,-0.1416309012875531,274240.0
A007280,-0.23877917414721758,38204.0
A007310,0.2175226586102721,2772640.0
A007330,,
A007340,-0.20737304324096303,319308.0
A007360,,
A007365,,
A007367,,
A007369,,
A00736A,,
A00736B,,
A00736C,,
A00736D,,
A00736E,,
A007370,,
A007390,,
A007410,,
A007420,,
A007460,3.961832061068708,647072.0
A007480,,
A007490,,
A007530,,
A007540,-0.17823129251700684,86849.0
A007570,-0.07442977190876252,734223.0
A007575,0.015873015873015883,11394.0
A007590,-0.04240766073871483,95323.0
A007595,,
A007610,-0.2798634812286701,56970.0
A007630,1.3469387755102016,174392.0
A007640,,
A007641,,
A007660,-0.0035377358490555158,174359.0
A007680,,
A007690,0.14936247723133,366650.0
A007700,1.4040114613180508,646030.0
A007720,,
A007721,,
A007770,,
A007800,,
A007810,0.16299559471365685,311794.0
A007815,0.1438356164383561,14853.0
A00781K,-0.005464480874317401,4279.0
A007820,,
A007830,,
A007840,,
A007860,-0.31214953271028006,172812.0
A007910,,
A007930,,
A007980,-0.09884467265725246,172983.0
A008000,0.02337662337662215,913368.0
A008020,,
A008030,,
A008040,-0.14545454545454578,199014.0
A008060,0.20833333333333282,481132.0
A008110,-0.1340540540540541,42014.0
A008120,,
A008250,-0.16123348017621097,89236.0
A008260,-0.0653907496012745,83291.0
A008270,,
A008290,,
A008320,,
A008340,,
A008350,-0.16806722689075634,109077.0
A008355,0.07040572792362759,2762.0
A008370,,
A008400,,
A008405,,
A008420,0.03656307129798936,58127.0
A008440,,
A008470,,
A008480,,
A008485,,
A008490,-0.11978465679677039,378310.0
A008500,-0.14579759862778718,29880.0
A008530,,
A008540,,
A008560,0.3222543352601159,2770808.0
A008600,-0.49136577708006324,92340.0
A008640,,
A008670,,
A008675,,
A008690,,
A008700,0.9213973799126652,169675.0
A008705,,
A008720,,
A008730,0.5088967971530253,525760.0
A008750,,
A008770,0.7632398753894065,3332165.0
A008775,0.6704361873990314,38872.0
A008780,,
A008800,,
A008830,,
A008870,-0.20270270270270113,70800.0
A008900,,
A008920,,
A008930,0.9744565797431396,6913066.0
A008970,-0.3462450592885384,72145.0
A008975,,
A008980,,
A008985,,
A008990,,
A009010,,
A009050,,
A009070,-0.22775263951734584,76800.0
A009080,,
A009085,,
A009140,-0.12638580931263863,30945.0
A009150,0.9685039370078748,7469370.0
A009155,0.7410881801125697,134884.0
A009160,-0.12869198312236366,120121.0
A009180,-0.2612612612612615,33779.0
A009190,-0.21472392638036752,39417.0
A009200,-0.0773584905660375,101735.0
A009220,,
A009240,-0.09547738693467321,4236107.0
A009270,0.3291536050156724,134203.0
A009275,1.908163265306122,5172.0
A009280,,
A009290,0.02699530516431864,458682.0
A009300,,
A009310,-1.5551795962132064e-15,131337.0
A009320,0.6964856230031935,126501.0
A009330,,
A009335,,
A009337,,
A009360,,
A009380,,
A009385,,
A009410,0.9003690036900328,786920.0
A009415,-0.18780096308186175,12941.0
A009420,0.85551330798479,1274672.0
A009440,-0.3103448275862074,116662.0
A009450,0.1916376306620218,653537.0
A009460,-0.11790393013100382,60264.0
A009470,2.2972972972973005,121033.0
A009520,,
A009540,-0.27407810915913794,5694875.0
A009580,0.1197530864197518,282840.0
A009620,,
A009680,-0.0054054054054054786,303600.0
A009690,,
A009720,,
A009730,,
A009760,,
A009770,-0.07254464285714245,103874.0
A009780,,
A009790,,
A009795,,
A009810,-0.4717171717171725,35423.0
A009815,,
A009830,0.27935222672064813,5207976.0
A009835,0.2851562499999999,18485.0
A009837,,
A009840,,
A009890,,
A009895,,
A009897,,
A009940,,
A009970,-0.06722689075630281,756775.0
A010040,-0.04133545310015816,68934.0
A010050,-0.23493975903614395,240895.0
A010060,0.7280813214739497,3243514.0
A010090,,
A010095,,
A010100,-0.27205882352941174,60292.0
A010110,,
A010120,0.6377358490566027,1953000.0
A010130,0.03789473684210406,9302910.0
A010140,-0.2075217444566955,2858700.0
A010145,0.0790381045000425,4312.0
A010150,,
A010170,,
A010200,,
A010240,,
A010280,,
A010330,,
A010420,-0.30769230769230793,29510.0
A010460,,
A010470,,
A010510,,
A010520,,
A010580,-0.38389513108614304,29613.0
A010600,0.7855361596009982,54595.0
A010620,0.171130952380954,1574000.0
A010640,-0.30063965884861366,16400.0
A010660,0.004629629629630016,47740.0
A010670,,
A010690,-0.33513931888544907,149983.0
A010730,,
A010770,-0.052413793103448604,50238.0
A010780,-0.2188552188552199,1072764.0
A010810,,
A010820,-0.12582781456953746,154324.0
A010950,0.38134592680047186,13172187.0
A010955,0.7678571428571448,398171.0
A010960,0.3057142857142842,114250.0
A011000,-0.4526764215595475,125139.0
A011020,,
A011040,,
A011050,,
A011070,0.6289592760180998,3408063.0
A011080,,
A011090,-0.2025586353944572,112184.0
A011150,-0.17146974063400677,103301.0
A011155,0.5427728613569314,5230.0
A011160,-0.20054200542005388,181674.0
A011170,-0.0027100271002707455,12613354.0
A011200,-0.1674958540630193,1565265.0
A011210,-0.10958904109589063,1767680.0
A011230,-0.08848139576286275,24361.0
A011260,,
A011280,-0.21360759493670906,175953.0
A011290,,
A011300,-0.3062568605927555,35934.0
A011320,,
A011321,,
A011330,-0.17034700315457407,67039.0
A011370,,
A011390,-0.2515802781289509,31258.0
A011400,,
A011420,0.3811764705882365,80858.0
A011450,,
A011500,-0.350699844479005,65285.0
A011510,,
A011560,,
A011650,,
A011690,0.3519061583577699,241251.0
A011700,0.30252100840336227,125729.0
A011720,,
A011760,-0.10958904109589067,257965.0
A011780,0.21341463414634135,3031535.0
A011785,0.22696245733788284,108694.0
A011790,0.42424242424242387,1764124.0
A011800,,
A011810,0.4367469879518073,426019.0
A011815,,
A011840,,
A011870,,
A011890,,
A011930,-0.13348416289592835,331283.0
A012010,,
A012030,-0.10354223433242442,122346.0
A012090,,
A012095,,
A012160,-0.2126984126984135,106425.0
A012170,-0.33761467889908214,113152.0
A012200,-0.10515873015873033,147026.0
A012205,-0.06138107416879765,5138.0
A012250,,
A012260,,
A012265,,
A012270,,
A012280,-0.27296587926509286,62950.0
A012320,-0.4684025964336346,101105.0
A012330,-0.0037878787878798097,25601436.0
A012335,,
A012337,,
A012340,,
A012350,,
A012400,,
A012405,,
A012410,,
A012420,,
A012450,-0.18181818181818238,1869930.0
A012460,,
A012510,0.552447552447552,988101.0
A012580,,
A012600,-0.34035827186512096,26218.0
A012610,0.16232464929859863,234299.0
A012620,,
A012630,-0.1423804226918791,2906060.0
A012650,,
A012655,,
A012670,,
A012690,-0.27631578947368446,181028.0
A012700,,
A012710,,
A012720,,
A012750,0.22006841505131103,4065912.0
A012760,,
A012790,,
A012800,0.058174523570713996,96153.0
A012805,,
A012860,,
A012990,,
A013000,-0.1891891891891892,42643.0
A013005,,
A013030,,
A013090,,
A013095,,
A013097,,
A013120,,
A013200,,
A013240,,
A013250,,
A013255,,
A013310,,
A013320,,
A013340,,
A013360,0.17045454545454475,55006.0
A013365,,
A013367,0.07160194174757253,2743.0
A013450,,
A013520,-0.21907600596125262,169150.0
A013570,-0.0930888575458392,169235.0
A013580,0.22695035460992993,154505.0
A013630,,
A013635,,
A013650,,
A013700,-0.08597285067873355,45604.0
A013720,,
A013780,,
A013810,,
A013850,,
A013870,0.6828282828282826,158872.0
A013890,,
A013900,,
A013990,,
A014010,,
A014015,,
A014040,,
A014045,,
A014047,,
A014080,,
A014090,,
A014100,,
A014130,-0.40641711229946553,53280.0
A014160,-0.10106382978723388,90064.0
A014190,,
A014200,,
A014280,-0.26598465473145766,139366.0
A014285,-0.14385150812064948,4353.0
A014300,,
A014350,,
A014420,,
A014440,-0.2496147919876736,97400.0
A014470,,
A014530,0.03975535168195706,118556.0
A014570,,
A014580,-0.041522491349481216,76405.0
A014590,,
A014620,,
A014680,-0.12965186074429744,818902.0
A014710,-0.15573770491803285,106411.0
A014740,,
A014745,,
A014790,-0.04454865181711568,148717.0
A014820,-0.212730318257956,1204070.0
A014825,-0.0018587360594786641,7125.0
A014827,,
A014830,0.041387024608501265,413822.0
A014900,,
A014910,-0.7828431372549024,39266.0
A014915,-0.7476190476190478,4770.0
A014940,,
A014970,,
A014990,-0.40624999999999906,61585.0
A015020,-0.5304843304843313,35310.0
A015050,,
A015060,,
A015110,,
A015150,,
A015170,,
A015200,,
A015230,0.21237113402061902,117600.0
A015260,-0.6865351629502574,42405.0
A015265,,
A015350,0.011220196353436108,396550.0
A015360,0.021563342318058468,227400.0
A015370,,
A015390,,
A015540,-0.4256637168141592,28220.0
A015545,,
A015580,,
A015585,,
A015590,-0.3786213786213788,71191.0
A015620,,
A015650,,
A015670,,
A015675,,
A015710,,
A015750,,
A015760,-0.13393870601589034,24490930.0
A015860,-0.19040247678018624,258087.0
A015880,,
A015890,0.08108108108108235,151990.0
A015940,,
A016040,,
A016090,-0.34813925570228044,122941.0
A016100,,
A016140,,
A016160,,
A016167,,
A016170,,
A016250,,
A016360,0.19032132171198124,3268380.0
A016365,,
A016367,,
A016380,-0.4900343642611687,185501.0
A016385,-0.3496732026143794,3191.0
A016390,,
A016395,,
A016397,,
A016420,,
A016450,0.03365384615384584,430000.0
A016510,,
A016550,,
A016555,,
A016560,,
A016570,,
A016575,,
A016580,0.40378548895899036,413852.0
A016590,0.43415637860082257,139159.0
A016600,,
A016610,0.23611111111110955,169998.0
A016670,,
A016710,-0.206000000000001,127750.0
A016740,0.30594594594594543,110145.0
A016800,-8.86443696224148e-16,379500.0
A016830,,
A01683C,,
A016880,-0.20707964601769843,162797.0
A016890,,
A016920,,
A016970,,
A016975,,
A016990,,
A017000,,
A017010,,
A017040,-0.20552147239263754,112244.0
A017050,,
A017090,,
A017120,,
A017160,,
A017170,,
A017180,0.1118496012153435,143519.0
A017210,,
A017211,,
A017250,,
A017300,,
A017320,,
A017325,,
A017370,1.2071713147410361,152190.0
A017390,0.14720194647201926,471500.0
A017480,,
A017510,,
A017550,-0.30024813895781627,76119.0
A017555,,
A017620,,
A017650,,
A017670,0.1919642857142855,21559105.0
A017680,,
A017740,,
A017800,-0.0522648083623705,1340009.0
A017810,0.22419928825622817,655164.0
A017890,,
A017900,0.19354838709677313,160794.0
A017940,-0.09250398724082913,390334.0
A017960,-0.11404958677685927,235630.0
A018000,,
A018020,,
A018120,,
A018180,,
A018250,,
A018260,0.43369175627240186,15475560.0
A018290,,
A018310,,
A018360,,
A018365,,
A018410,,
A018415,,
A018417,,
A018470,-0.3076923076923086,78300.0
A018500,-0.03052008720025106,120089.0
A018550,,
A018570,,
A018590,,
A018620,,
A018670,-0.2662865688382088,844729.0
A018680,,
A018700,,
A018720,,
A018880,0.349514563106796,7419820.0
A018890,,
A019010,,
A019120,,
A019170,0.2924369747899162,407455.0
A019175,0.1606922126081586,10329.0
A019180,-0.23318385650224308,30780.0
A019210,,
A019260,,
A019300,,
A019430,,
A019440,-0.10666666666666705,172257.0
A019490,-0.21157495256166964,22980.0
A019540,,
A019550,,
A019560,,
A019570,,
A019590,,
A019640,,
A019660,,
A019680,0.008610086100859725,694563.0
A019685,-0.025291828793775673,97329.0
A019770,,
A019930,,
A019990,,
A020000,-0.09756097560975696,774614.0
A020070,,
A020075,,
A020120,-0.10286677908937612,42115.0
A020150,1.8357766918406642,1761800.0
A020180,,
A020400,,
A020490,,
A020560,0.07464454976303356,930742.0
A020710,,
A020760,0.4836223506743733,218021.0
A020860,,
A020865,,
A020920,,
A021040,,
A021045,,
A021050,-0.4274999999999989,54358.0
A021060,,
A021080,,
A021090,,
A021240,0.10645526613816632,7309730.0
A021320,,
A021570,,
A021650,,
A021740,,
A021820,-0.15297450424929285,149500.0
A021880,,
A021930,,
A021960,0.12499999999999933,
A022060,,
A022061,,
A022100,,
A022220,,
A022510,,
A022520,,
A022610,,
A022770,,
A022780,,
A022870,,
A022875,,
A023000,-0.05255681818181808,133400.0
A023020,,
A023130,,
A023135,,
A023150,-0.19746835443038044,46780.0
A023160,,
A023350,-0.1762820512820513,56283.0
A023410,,
A023420,,
A023430,,
A023440,,
A023450,-3.348016308635237e-16,76530.0
A023460,,
A023530,-0.020085779425741804,5596287.0
A023590,0.06944444444444359,863682.0
A023600,,
A023670,,
A023760,,
A023770,,
A023771,,
A023780,,
A023790,,
A023800,0.10505836575875555,86110.0
A023810,-0.32062780269058255,45450.0
A023890,,
A023900,,
A023910,,
A023960,-0.2270613107822412,40073.0
A024060,,
A024070,-0.032296650717702984,60780.0
A024080,,
A024081,,
A024090,-0.02371541501976223,144495.0
A024100,,
A024110,0.29527559055117947,9211652.0
A024120,,
A024660,,
A024720,0.21068249258160188,683357.0
A024740,,
A024800,,
A024810,,
A024811,,
A024830,,
A024840,,
A024850,,
A024870,,
A024880,,
A024890,-0.00961538461538436,106217.0
A024900,-0.20113314447592048,45917.0
A024910,,
A024920,,
A024940,,
A024950,,
A024960,,
A025000,0.17676767676767766,338316.0
A025080,,
A025100,,
A025150,,
A025270,,
A025320,,
A025340,,
A025440,,
A025450,,
A025451,,
A025460,,
A025530,-0.08045977011494164,71683.0
A025540,-0.14993646759847562,696764.0
A025550,,
A025560,-0.2261484098939931,138149.0
A025610,,
A025620,-0.06316581025191109,395898.0
A025690,,
A025750,-0.12345679012345737,114403.0
A025770,,
A025820,-0.12295081967213033,71566.0
A025830,,
A025840,,
A025850,,
A025860,0.2738095238095227,531564.0
A025870,,
A025880,,
A025890,-0.33724340175953055,25559.0
A025900,,
A025920,,
A025921,,
A025930,,
A025950,,
A025970,,
A025980,,
A026040,,
A026150,,
A026180,,
A026220,,
A026230,,
A026240,,
A026250,,
A026260,,
A026540,,
A026710,,
A026870,,
A026890,0.04347826086956533,160044.0
A026910,,
A026940,-0.08823529411764644,55800.0
A026960,0.05626134301270356,2901270.0
A026970,,
A027040,,
A027050,,
A027350,,
A027390,0.09792284866468812,222005.0
A027410,-0.6381196459504993,492022.0
A027440,,
A027460,,
A027465,,
A027467,,
A027469,,
A027560,,
A027580,,
A027610,,
A027700,,
A027710,,
A027740,-0.2762863534675611,75521.0
A027830,,
A027840,,
A027890,,
A027970,-0.31018518518518456,35014.0
A028040,,
A028050,0.20388349514563103,2430400.0
A028080,,
A028090,,
A028100,0.2187500000000002,134550.0
A028150,,
A028260,0.003984063745019172,23900945.0
A02826K,-0.10238907849829358,128405.0
A028300,,
A028305,,
A028670,0.32245922208281064,2817014.0
A029460,0.8409480509801006,334785.0
A029480,,
A029530,0.15482695810564642,639074.0
A029780,-0.0025188916876586315,4588012.0
A029960,,
A030000,0.3460317460317441,2438874.0
A030010,,
A030030,,
A030190,,
A030200,0.028911564625849234,7898632.0
A030210,0.33162393162393305,234923.0
A030270,,
A030350,,
A030390,,
A030420,,
A030520,,
A030530,,
A030610,0.029511918274688933,326520.0
A030700,,
A030710,,
A030720,-0.027835051546392105,39560.0
A030790,0.4125560538116595,126203.0
A030950,,
A030960,,
A030970,,
A030971,,
A031150,,
A031310,,
A031330,,
A031390,,
A031430,0.11933534743202306,529074.0
A031440,-0.10169491525423731,513104.0
A031510,,
A031530,,
A031690,,
A031800,,
A031820,-0.1743190661478592,38381.0
A031860,,
A031920,,
A031950,,
A031960,,
A031970,,
A031980,,
A031990,,
A032030,,
A032040,,
A032050,,
A032080,,
A032150,,
A032151,,
A032180,,
A032190,,
A032280,,
A032290,,
A032350,0.4673913043478256,490266.0
A032380,,
A032390,,
A032420,,
A032500,,
A032540,,
A032560,0.01925254813137139,126000.0
A032570,,
A032580,,
A032590,,
A032600,,
A032610,,
A032620,,
A032640,0.22270742358078563,6112559.0
A032680,,
A032685,,
A032710,,
A032750,,
A032780,,
A032790,,
A032800,,
A032820,,
A032830,0.106666666666666,24900000.0
A032850,,
A032860,,
A032930,,
A032940,,
A032960,,
A032980,,
A033020,,
A033030,,
A033040,,
A033050,,
A033070,,
A033075,,
A033100,,
A033110,,
A033130,,
A033160,,
A033170,,
A033180,0.007250945775536681,99115.0
A033190,,
A033200,,
A033210,,
A033220,,
A033230,,
A033240,0.5630498533724351,477035.0
A033250,-0.29608540925266985,23736.0
A033260,,
A033270,0.6459459459459461,493513.0
A033280,,
A033290,,
A033300,,
A033310,,
A033320,,
A033330,,
A033340,,
A033430,,
A033480,,
A033500,,
A033530,-0.19957761351636705,152013.0
A033540,,
A033550,,
A033560,,
A033600,,
A033630,,
A033640,,
A033660,4.787836793695989e-16,401095.0
A033720,,
A033725,,
A033780,0.14356435643564375,15857283.0
A033790,,
A033830,,
A033850,,
A033855,,
A033880,,
A033885,,
A033920,-0.14004376367614918,560025.0
A034010,,
A034020,-0.435661764705882,1634199.0
A034120,-0.015238095238095646,471829.0
A034190,,
A034220,-0.04928457869634305,10698689.0
A034230,,
A034260,,
A034270,,
A034280,,
A034290,,
A034300,-0.4040862656072641,105000.0
A034310,-0.16761363636363685,554976.0
A034320,,
A034330,,
A034340,,
A034350,,
A034430,,
A034440,,
A034450,,
A034460,,
A034470,,
A034510,,
A034560,,
A034570,,
A034580,,
A034590,-0.038772213247172185,130149.0
A034600,,
A034607,,
A034650,,
A034660,,
A034730,0.23311546840958658,19911964.0
A03473K,0.19343065693430583,92563.0
A034750,,
A034760,,
A034770,,
A034810,,
A034820,,
A034830,0.09632224168125991,790291.0
A034840,,
A034850,,
A034920,,
A034940,,
A034950,,
A034960,,
A034970,,
A034980,,
A034990,,
A035000,0.2607099143206853,170644.0
A035010,,
A035030,,
A035040,,
A035050,,
A035080,,
A035150,-0.2679324894514759,167948.0
A035160,,
A035200,,
A035210,,
A035250,-0.026573426573427893,7445129.0
A035270,,
A035290,,
A035300,,
A035310,,
A035320,,
A035330,,
A035340,,
A035400,,
A035405,,
A035410,,
A035420,0.12258064516129138,28677531.0
A035430,,
A035450,,
A035460,,
A035470,,
A035480,,
A035500,,
A035510,0.12568306010928856,141728.0
A035520,,
A035530,,
A035540,,
A035590,,
A035600,,
A035610,,
A035620,,
A035670,,
A035680,,
A035700,,
A035710,,
A035720,0.3431372549019601,9303468.0
A035760,,
A035780,,
A035790,,
A035810,,
A035820,,
A035830,,
A035860,,
A035870,,
A035880,,
A035890,,
A035900,,
A035910,,
A035915,,
A035917,,
A035919,,
A035930,,
A035940,,
A035950,,
A035960,,
A035970,,
A035980,,
A036000,,
A036010,,
A036020,,
A036030,,
A036040,,
A036060,,
A036090,,
A036120,,
A036150,,
A036170,,
A036180,,
A036190,,
A036200,,
A036210,,
A036220,,
A036260,,
A036270,,
A036280,,
A036300,,
A036310,,
A036330,,
A036360,,
A036390,,
A036400,,
A036420,,
A036430,,
A036440,,
A036460,-0.12177502579979424,3927918.0
A036480,,
A036490,,
A036500,,
A036530,0.02219626168224458,249324.0
A036540,,
A036550,,
A036560,,
A036570,0.8080808080808068,9817712.0
A036580,-0.01694915254237292,426044.0
A036585,,
A036590,,
A036600,,
A036610,,
A036620,,
A036630,,
A036640,,
A036650,,
A036660,,
A036670,,
A036690,,
A036710,,
A036720,,
A036760,,
A036780,,
A036790,,
A036800,,
A036810,,
A036820,,
A036825,,
A036830,,
A036840,,
A036850,,
A036870,,
A036880,,
A036890,,
A036900,,
A036910,,
A036920,,
A036930,,
A036950,,
A036960,,
A036970,,
A037010,,
A037020,,
A037030,,
A037040,,
A037060,,
A037070,,
A037110,,
A037120,,
A037150,,
A037180,,
A037190,,
A037200,,
A037220,,
A037230,,
A037240,,
A037250,,
A037270,-0.0476190476190465,116341.0
A037280,,
A037320,,
A037330,,
A037340,,
A037350,,
A037360,,
A037370,,
A037380,,
A037400,,
A037410,,
A037430,,
A037440,,
A037460,,
A037480,,
A037490,,
A037500,,
A037510,,
A037520,,
A037530,,
A037540,,
A037550,,
A037560,-0.24226254002134373,549873.0
A037600,,
A037620,0.0,
A037630,,
A037640,,
A037650,,
A037670,,
A037700,,
A037710,-0.07645875251509089,367200.0
A037730,,
A037740,,
A037750,,
A037760,,
A037770,,
A037780,,
A037830,,
A037890,,
A037950,,
A038010,,
A038020,,
A038030,,
A038050,,
A038060,,
A038070,,
A038100,,
A038110,,
A038120,,
A038160,,
A038270,,
A038280,,
A038290,,
A038310,,
A038320,,
A038340,,
A038370,,
A038380,,
A038390,,
A038400,,
A038410,,
A038420,,
A038460,,
A038480,,
A038500,,
A038520,,
A038530,,
A038540,,
A038580,,
A038620,,
A038680,,
A038690,,
A038710,,
A038720,,
A038760,,
A038770,,
A038810,,
A038830,,
A038870,,
A038880,,
A038920,,
A038940,,
A038950,,
A038960,,
A038980,,
A038990,,
A039000,,
A039010,,
A039020,,
A039030,,
A039040,,
A039050,,
A039060,,
A039110,,
A039130,0.5582450832072627,1196467.0
A039160,,
A039170,,
A039180,,
A039200,,
A039210,,
A039220,,
A039230,,
A039240,,
A039270,,
A039280,,
A039290,,
A039310,,
A039340,,
A039350,,
A039370,,
A039380,,
A039390,,
A039420,,
A039440,,
A039490,0.2166666666666674,1935937.0
A039500,,
A039520,,
A039530,,
A039540,,
A039560,,
A039570,-0.02828618968386103,240316.0
A039580,,
A039610,,
A039670,,
A039720,,
A039740,,
A039790,,
A039830,,
A039840,,
A039850,,
A039860,,
A039870,,
A039920,,
A039980,,
A039990,,
A040020,,
A040100,,
A040130,,
A040160,,
A040180,,
A040260,,
A040270,,
A040300,,
A040350,,
A040380,,
A040420,,
A040450,,
A040455,,
A040470,,
A040480,,
A040520,,
A040610,,
A040670,,
A040740,,
A040750,,
A040780,,
A040785,,
A040830,,
A040850,,
A040860,,
A040870,,
A040910,,
A040940,,
A040950,,
A041020,,
A041030,,
A041060,,
A041140,,
A041190,,
A041310,,
A041320,,
A041440,,
A041450,,
A041460,,
A041500,,
A041510,,
A041520,,
A041550,,
A041590,,
A041630,,
A041650,0.11929307805596565,163183.0
A041710,,
A041800,,
A041830,,
A041910,,
A041920,,
A041930,,
A041940,,
A041960,,
A042000,,
A042040,,
A042100,,
A042110,,
A042300,,
A042310,,
A042330,,
A042340,,
A042370,,
A042380,,
A042420,,
A042460,,
A042470,,
A042500,,
A042510,,
A042520,,
A042570,,
A042600,,
A042660,-0.37946428571428603,1459900.0
A042665,,
A042670,-0.014739229024944067,1807499.0
A042675,,
A042700,0.9174757281553393,753448.0
A042820,,
A042870,,
A042940,,
A042945,,
A042950,,
A042960,,
A043040,,
A043090,,
A043100,,
A043150,,
A043200,,
A043220,,
A043260,,
A043290,,
A043340,,
A043350,,
A043360,,
A043370,,
A043380,,
A043400,,
A043500,,
A043540,,
A043580,,
A043590,,
A043610,,
A043630,,
A043650,,
A043680,,
A043690,,
A043700,,
A043710,,
A043720,,
A043790,,
A043880,,
A043890,,
A043910,,
A043990,,
A044060,,
A044070,,
A044180,,
A044240,,
A044340,,
A044370,,
A044380,-0.5337477797513323,33481.0
A044400,,
A044410,,
A044440,,
A044450,0.12113720642768722,210296.0
A044480,,
A044490,,
A044570,,
A044590,,
A044640,,
A044740,,
A044750,,
A044770,,
A044775,,
A044780,,
A044820,-0.12032085561497326,315969.0
A044890,,
A044960,,
A044990,,
A045020,,
A045050,,
A045060,,
A045070,,
A045080,,
A045090,,
A045100,,
A045240,,
A045260,,
A045280,,
A045290,,
A045300,,
A045310,,
A045340,,
A045380,,
A045390,,
A045400,,
A045470,,
A045510,,
A045520,,
A045550,,
A045660,,
A045710,,
A045760,,
A045790,,
A045800,,
A045820,,
A045860,,
A045870,,
A045880,,
A045890,,
A045920,,
A045925,,
A045970,,
A046000,,
A046070,,
A046110,,
A046120,,
A046140,,
A046210,,
A046240,,
A046290,,
A046310,,
A046320,,
A046350,,
A046390,,
A046400,,
A046430,,
A046440,,
A046520,,
A046720,,
A046810,,
A046820,,
A046840,,
A046890,,
A046930,,
A046940,,
A046970,,
A047040,0.16535433070866157,2460486.0
A047050,-0.3277777777777786,2239259.0
A047060,,
A047080,,
A047310,,
A047370,,
A047400,-0.16949152542372964,102900.0
A047420,,
A047440,,
A047450,,
A047560,,
A047600,,
A047610,,
A047710,,
A047730,,
A047770,,
A047810,-0.29179104477611945,4625194.0
A047820,,
A047890,,
A047920,,
A047940,,
A048130,,
A048140,,
A048150,,
A048260,,
A048270,,
A048410,,
A048430,,
A048460,,
A048470,,
A048500,,
A048510,,
A048530,,
A048540,,
A048550,,
A048640,,
A048660,,
A048760,,
A048770,,
A048830,,
A048870,,
A048910,,
A049000,,
A049070,,
A049080,,
A049120,,
A049130,,
A049180,,
A049370,,
A049430,,
A049470,,
A049480,,
A049520,,
A049550,,
A049630,,
A049690,,
A049720,,
A049770,0.18181818181818232,903035.0
A049790,,
A049800,0.0790464240903377,86000.0
A049830,,
A049850,,
A049950,,
A049960,,
A049990,,
A050050,,
A050090,,
A050110,,
A050120,,
A050320,,
A050350,,
A050470,,
A050480,,
A050540,,
A050600,,
A050640,,
A050760,,
A050860,,
A050890,,
A050960,,
A051070,,
A051160,,
A051170,,
A051310,,
A051360,,
A051370,,
A051380,,
A051390,,
A051490,,
A051500,,
A051530,,
A051600,-0.25092250922509196,1827000.0
A051630,-0.3906666666666667,27420.0
A051710,,
A051780,,
A051810,,
A051820,,
A051900,0.38739789964994137,18570036.0
A051905,0.23978685612788567,1465589.0
A051910,0.5517241379310357,28589899.0
A051915,0.38718662952646205,1914511.0
A051960,,
A051980,,
A051990,,
A052020,,
A052190,,
A052210,,
A052220,,
A052260,,
A052270,,
A052290,,
A052300,,
A052310,,
A052330,,
A052350,,
A052400,,
A052420,,
A052460,,
A052510,,
A052520,,
A052530,,
A052540,,
A052560,,
A052600,,
A052640,,
A052650,,
A052670,,
A052690,0.006342494714588156,909636.0
A052710,,
A052770,,
A052790,,
A052810,,
A052860,,
A052880,,
A052900,,
A052970,,
A053000,,
A053030,,
A053040,,
A053050,,
A053060,,
A053070,,
A053110,,
A053160,,
A053170,,
A053200,,
A053210,-0.2225433526011557,643205.0
A053250,,
A053260,,
A053270,,
A053280,,
A053290,,
A053300,,
A053320,,
A053330,,
A053350,,
A053440,,
A053450,,
A053470,,
A053530,,
A053580,,
A053590,,
A053595,,
A053610,,
A053620,,
A053660,,
A053690,0.011273957158964369,97482.0
A053700,,
A053740,,
A053800,,
A053810,,
A053870,,
A053890,,
A053950,,
A053960,,
A053980,,
A054010,,
A054020,,
A054040,,
A054050,,
A054080,,
A054090,,
A054120,,
A054150,,
A054170,,
A054180,,
A054190,,
A054210,,
A054220,,
A054250,,
A054300,,
A054340,,
A054370,,
A054410,,
A054440,,
A054450,,
A054530,,
A054540,,
A054620,,
A054630,,
A054650,,
A054670,,
A054780,,
A054790,,
A054800,,
A054920,,
A054930,,
A054940,,
A054950,,
A055000,,
A055250,,
A055490,0.18518518518518456,150965.0
A055550,0.09171270718232154,23425460.0
A055810,,
A055970,,
A056000,,
A056010,,
A056020,,
A056060,,
A056080,,
A056090,,
A056140,,
A056190,,
A056200,,
A056340,,
A056360,,
A056500,,
A056700,,
A056710,,
A056730,,
A056810,,
A056850,,
A056880,,
A057030,,
A057050,0.08071748878923855,1446000.0
A057100,,
A057110,,
A057330,,
A057500,,
A057540,,
A057680,,
A057880,,
A058110,,
A058220,,
A058370,,
A058400,,
A058420,,
A058430,-0.04040404040404052,171000.0
A058450,,
A058470,,
A058480,,
A058530,,
A058550,,
A058610,,
A058630,,
A058650,0.1782945736434106,608000.0
A058680,,
A058690,,
A058730,0.06310679611650527,101178.0
A058820,,
A058850,-0.0846774193548377,96895.0
A058860,-0.1837837837837836,105102.0
A058900,,
A058910,,
A058970,,
A059090,,
A059100,,
A059120,,
A059210,,
A059720,,
A060000,,
A060150,,
A060230,,
A060240,,
A060250,,
A060260,,
A060280,,
A060300,,
A060310,,
A060370,,
A060380,,
A060410,,
A060480,,
A060540,,
A060550,,
A060560,,
A060570,,
A060580,,
A060590,,
A060660,,
A060670,,
A060720,,
A060750,,
A060840,,
A060900,,
A060910,,
A060980,0.03465346534653354,677329.0
A061040,,
A061050,,
A061140,,
A061250,,
A061460,,
A061610,,
A061970,,
A062580,,
A062730,,
A062760,,
A062765,,
A06276K,,
A06276L,,
A062860,,
A063080,,
A063160,-0.09341825902335381,111650.0
A063170,,
A063180,,
A063280,,
A063350,,
A063440,,
A063510,,
A063515,,
A063570,,
A063680,,
A063760,,
A063840,,
A064060,,
A064090,,
A064240,,
A064260,,
A064290,,
A064350,0.033057851239670005,1593750.0
A064420,,
A064480,,
A064510,,
A064520,,
A064550,,
A064720,,
A064760,,
A064800,,
A064820,,
A064850,,
A064900,,
A064910,,
A064960,-0.04094165813715463,685094.0
A065060,,
A065130,,
A065150,,
A065160,,
A065170,,
A065180,,
A065270,,
A065310,,
A065340,,
A065350,,
A065370,,
A065410,,
A065420,,
A065440,,
A065450,,
A065500,,
A065510,,
A065530,,
A065560,,
A065570,,
A065610,,
A065620,,
A065650,,
A065660,,
A065680,,
A065690,,
A065710,,
A065770,,
A065810,,
A065910,,
A065940,,
A065950,,
A066030,,
A066060,,
A066110,,
A066130,,
A066190,,
A066200,,
A066270,,
A066300,,
A066310,,
A066330,,
A066340,,
A066350,,
A066360,,
A066400,,
A066410,,
A066430,,
A066480,,
A066570,1.0542635658914736,17346668.0
A066575,0.8323586744639386,807742.0
A066590,,
A066620,,
A066670,,
A066690,,
A066700,,
A066790,,
A066830,,
A066850,,
A066870,,
A066900,,
A066910,,
A066930,,
A066970,,
A066980,,
A067000,,
A067010,,
A067080,,
A067130,,
A067160,,
A067170,,
A067250,,
A067280,,
A067290,,
A067310,,
A067370,,
A067390,,
A067410,,
A067570,,
A067630,,
A067700,,
A067730,,
A067770,,
A067830,-0.0646387832699627,201921.0
A067850,,
A067900,,
A067910,,
A067920,,
A067950,,
A067990,,
A068050,,
A068060,,
A068150,,
A068240,,
A068270,,
A068290,0.07174887892376651,119500.0
A068330,,
A068400,0.18682634730539022,219470.0
A068420,,
A068560,,
A068630,,
A068680,,
A068760,,
A068770,,
A068790,,
A068870,0.0,
A068875,0.0,
A068930,,
A068940,,
A069080,,
A069110,,
A069140,,
A069260,0.13133640552995296,1003569.0
A069330,,
A069410,,
A069460,-0.3136094674556218,31476.0
A069470,,
A069500,,
A069510,,
A069540,,
A069550,,
A069600,,
A069620,1.3944687045123692,1905992.0
A069640,-0.10526315789473693,153621.0
A069660,,
A069730,-0.4058956916099771,75456.0
A069920,,
A069960,-0.041284403669725585,2445555.0
A070080,,
A070300,,
A070480,,
A070540,,
A070590,,
A070960,0.21794871794871645,502993.0
A071050,0.6467780429594272,3845093.0
A071055,0.53927813163482,212362.0
A071057,,
A071090,0.06666666666666522,44799.0
A071200,,
A071280,,
A071320,0.07195301027900179,845248.0
A071360,,
A071460,,
A071490,,
A071530,,
A071660,,
A071670,,
A071840,0.6327014218009506,1626571.0
A071850,,
A071930,,
A071950,-0.31692307692307653,34307.0
A071955,,
A071970,-0.4817690749493585,113584.0
A072020,,
A072130,-0.13484251968503985,57994.0
A072350,,
A072430,,
A072450,,
A072470,,
A072520,,
A072530,,
A072700,,
A072710,-0.049792531120332474,531027.0
A072770,,
A072870,,
A072930,,
A072950,,
A072990,,
A073010,,
A073070,,
A073110,,
A073130,,
A073190,,
A073240,-0.4781839622641514,699120.0
A073470,,
A073490,,
A073530,,
A073540,,
A073560,,
A073570,,
A073640,,
A073710,,
A073780,,
A073930,,
A073960,,
A074000,,
A074130,,
A074140,,
A074150,,
A074170,,
A074430,,
A074600,,
A074610,1.3674242424242424,136788.0
A075120,,
A075130,,
A075180,-0.09855769230769212,144000.0
A075580,-0.09759999999999917,108211.0
A075970,,
A076080,,
A076090,,
A076170,,
A076340,,
A076610,,
A076850,,
A077280,,
A077360,,
A077500,0.3178717598908594,261301.0
A077960,,
A077970,0.38009049773755743,210531.0
A078000,0.04782608695652072,116918.0
A078020,,
A078060,,
A078070,,
A078130,,
A078140,,
A078150,,
A078160,,
A078340,,
A078350,,
A078420,,
A078520,-0.1653258246178603,280387.0
A078590,,
A078600,,
A078610,,
A078650,,
A078670,,
A078700,,
A078780,,
A078860,,
A078890,,
A078930,0.14972273567467456,5779337.0
A078935,0.19416058394160576,72999.0
A078940,,
A079000,,
A079160,0.05397727272727022,1570169.0
A079170,,
A079180,,
A079190,,
A079340,,
A079370,,
A079430,0.3502109704641345,657129.0
A079440,0.6898734177215182,4378800.0
A079550,-0.257142857142857,1315600.0
A079560,,
A079650,,
A079660,-0.10975609756097504,78402.0
A079810,,
A079870,,
A079940,,
A079950,,
A079960,,
A079970,,
A079980,0.23020706455541887,348450.0
A080000,,
A080010,,
A080030,,
A080140,,
A080160,,
A080180,,
A080220,,
A080410,,
A080420,,
A080440,,
A080470,,
A080520,,
A080530,,
A080570,,
A080580,,
A080640,,
A080960,,
A080970,,
A080980,,
A081000,1.3007856341189696,231198.0
A081090,,
A081150,,
A081190,,
A081200,,
A081210,,
A081220,,
A081500,,
A081580,,
A081660,0.15744680851063758,997398.0
A081930,,
A081940,,
A081970,,
A082110,,
A082210,,
A082220,,
A082240,,
A082250,,
A082260,,
A082270,,
A082390,,
A082640,-0.4015748031496068,1226325.0
A082660,,
A082740,0.12176560121765494,256108.0
A082800,,
A082850,,
A082920,,
A082930,,
A083120,,
A083160,,
A083310,,
A083350,0.1409090909090907,
A083360,0.15304948216340636,
A083370,0.13636363636363646,7928.0
A083380,0.1448275862068958,7897.0
A083390,0.14090909090909082,
A083420,-0.06889128094725487,86500.0
A083450,,
A083470,,
A083500,,
A083550,,
A083570,0.053515215110179246,
A083580,0.05374077976817702,
A083590,0.0663856691253953,
A083600,0.05882352941176486,
A083610,-0.0019801980198017417,
A083620,-4.9439619065339e-17,
A083640,,
A083650,,
A083660,,
A083790,,
A083930,,
A084010,-0.004206098843320938,233405.0
A084110,,
A084160,,
A084180,,
A084240,,
A084370,,
A084440,,
A084450,,
A084650,,
A084670,-0.052163624070318264,87091.0
A084680,-0.3018108651911472,157035.0
A084690,-0.033980582524271094,360315.0
A084695,-0.0476190476190474,6212.0
A084697,,
A084730,,
A084810,,
A084820,,
A084870,-0.09655172413793019,163935.0
A084990,,
A085310,-0.4925493354812734,100779.0
A085370,,
A08537M,,
A085450,,
A085620,0.019417475728156493,762195.0
A085660,,
A085670,,
A085680,,
A085810,,
A085910,,
A085980,,
A085990,,
A086040,,
A086060,,
A086200,,
A086220,,
A086250,,
A086280,-0.11974110032362414,5100000.0
A086390,,
A086450,,
A086460,,
A086520,,
A086630,,
A086670,,
A086720,,
A086790,0.5935999999999986,14740952.0
A086800,,
A086830,,
A086890,,
A086900,,
A086960,,
A086980,,
A087010,,
A087220,,
A087260,,
A087600,,
A087730,,
A087800,,
A088010,,
A088020,,
A088130,,
A088290,,
A088350,0.05819295558958609,6001542.0
A088390,,
A088510,,
A088700,,
A088790,-0.02014652014652042,66595.0
A088800,,
A088810,,
A088910,,
A088960,,
A088980,0.01226993865030632,2879616.0
A089010,,
A089030,,
A089140,,
A089150,,
A089170,,
A089180,,
A089190,,
A089200,,
A089230,,
A089240,,
A089470,-0.2735042735042734,216920.0
A089480,,
A089530,,
A089590,0.40836653386454136,931711.0
A089600,,
A089790,,
A089850,,
A089890,,
A089980,,
A090080,-0.2284946236559141,53675.0
A090090,,
A090120,,
A090150,,
A090260,,
A09026K,,
A090350,0.015204678362572577,173600.0
A090355,0.02186421173762819,4113.0
A090360,,
A090370,-0.044198895027624086,79599.0
A090410,,
A090430,-0.05287713841368619,17800610.0
A090435,-0.1922141119221414,1752600.0
A090460,,
A090470,,
A090540,,
A090710,,
A090730,,
A090740,,
A090850,,
A090970,-0.5837837837837836,
A090980,-0.6212686567164176,
A090990,-0.6943820224719102,
A091000,-0.6658653846153847,
A091090,0.09168081494057873,196085.0
A091120,,
A091160,,
A091170,,
A091180,,
A091190,,
A091200,,
A091210,,
A091220,,
A091230,,
A091270,,
A091340,,
A091440,,
A091580,,
A091590,,
A091690,,
A091700,,
A091970,,
A091990,,
A092040,,
A092070,,
A092130,,
A092200,-0.1697722567287796,180189.0
A092220,0.2899999999999996,143004.0
A092230,-0.00455927051671776,276714.0
A092300,,
A092440,-0.0010214504596539873,142788.0
A092460,,
A092590,,
A092600,,
A092630,,
A092730,,
A092780,-0.15376676986584112,53991.0
A092870,,
A092970,,
A093050,0.4524361948955911,915212.0
A093190,,
A093230,-0.4950773558368498,44046.0
A093240,-0.24798061389337656,88632.0
A093320,,
A093370,0.3828337874659418,937857.0
A093380,,
A093400,,
A093410,,
A093520,,
A093640,,
A093730,,
A093820,,
A093860,,
A093920,,
A094170,,
A094190,,
A094280,0.07692307692307669,145633.0
A094360,,
A094480,,
A094520,,
A094700,,
A094800,,
A094820,,
A094840,,
A094850,,
A094860,,
A094940,,
A094950,,
A094970,,
A095190,,
A095270,,
A095300,,
A095340,,
A095500,,
A095570,0.07230769230769345,326351.0
A095610,,
A095660,,
A095700,,
A095720,-0.23845327604726121,245464.0
A095910,,
A096040,,
A096150,,
A096240,,
A096300,,
A096350,,
A096530,,
A096610,,
A096630,,
A096640,,
A096690,,
A096760,-0.03914590747330953,519115.0
A096770,0.39590443686006693,18909208.0
A096775,0.6340621403912541,177276.0
A096870,,
A097230,-0.016344725111441555,351034.0
A097520,,
A097680,,
A097690,,
A097700,,
A097710,,
A097720,,
A097730,,
A097740,,
A097750,,
A097780,,
A097800,,
A097870,,
A097950,0.023776223776224032,4822690.0
A097955,-0.13005780346820836,199779.0
A097957,,
A097959,,
A098120,,
A098150,,
A098400,,
A098460,,
A098560,,
A098660,,
A099140,,
A099190,,
A099210,,
A099220,,
A099320,,
A099340,,
A099350,,
A099410,,
A099440,,
A099520,,
A099660,,
A099830,,
A100030,,
A100090,,
A100120,,
A100130,,
A100220,-0.25157232704402566,154661.0
A100250,-0.1044776119402983,167686.0
A100380,,
A100660,,
A100700,,
A100840,-0.13742298419501728,114062.0
A100910,,
A101000,,
A101060,0.1420560747663558,427383.0
A101140,0.2975609756097558,62886.0
A101160,,
A101170,,
A101240,,
A101280,,
A101330,,
A101360,,
A101380,,
A101390,,
A101400,,
A101490,,
A101530,-0.13927576601671204,449855.0
A101670,,
A101680,,
A101730,,
A101790,,
A101910,,
A101930,,
A101970,,
A101990,,
A102000,,
A102110,,
A102120,,
A102210,,
A102260,-0.09516129032258086,254946.0
A102280,-0.431372549019608,149784.0
A102420,,
A102460,-0.039921407519871964,360555.0
A102710,,
A102780,,
A102940,,
A102950,,
A102955,,
A102960,,
A102970,,
A103130,0.7360084477296753,206922.0
A103140,0.1728395061728394,1331153.0
A103150,,
A103155,,
A103160,,
A103230,,
A103590,-0.10932798395185545,164637.0
A103650,,
A103660,,
A104030,,
A104035,,
A104040,,
A104110,,
A104120,,
A104200,,
A104230,,
A104460,,
A104480,,
A104520,,
A104530,,
A104540,,
A104570,,
A104580,,
A104690,,
A104700,0.018893387314440836,347678.0
A104770,,
A104830,,
A105010,,
A105020,,
A105070,,
A105190,,
A105270,,
A105330,,
A105380,,
A105450,,
A105550,,
A105560,0.4813084112149554,26508271.0
A105630,0.050682261208577745,1078000.0
A105740,,
A105780,,
A105810,,
A105840,-0.29264705882352926,83502.0
A106080,,
A106190,,
A106240,,
A106520,,
A107560,,
A107590,0.10885022519947736,113091.0
A107640,,
A108070,,
A108230,,
A108320,,
A108380,,
A108440,,
A108450,,
A108480,,
A108590,,
A108630,,
A108670,0.014629049111807194,870761.0
A108675,-0.010638297872341024,57604.0
A108790,,
A108860,,
A108890,,
A109070,-0.6037137681159422,26138.0
A109080,,
A109610,,
A109740,,
A109820,,
A109860,,
A109960,,
A110030,,
A110310,,
A110500,,
A110550,,
A110570,-0.9414990859232175,
A110660,,
A111110,-0.45979381443299017,104800.0
A111610,,
A111770,0.027732463295268236,1395811.0
A111820,,
A111870,,
A112040,,
A112190,,
A112240,,
A112610,0.4928774928774917,452886.0
A113810,,
A114090,0.4303178484107584,1809278.0
A114100,,
A114120,,
A114130,,
A114140,,
A114190,,
A114260,,
A114290,,
A114410,,
A114450,,
A114460,,
A114470,,
A114570,,
A114630,,
A114750,,
A114800,,
A114810,,
A114820,,
A114920,,
A115160,,
A115180,,
A115310,,
A115390,0.8793103448275879,1498750.0
A115400,,
A115410,,
A115440,,
A115450,,
A115480,,
A115500,,
A115530,,
A115570,,
A115580,,
A115610,,
A115960,,
A116100,,
A117460,,
A117580,-0.05781249999999853,165825.0
A117670,,
A117680,,
A117690,,
A117700,,
A117740,,
A117930,-0.9673024523160763,
A118000,-0.6770642201834862,75869.0
A118990,,
A119250,,
A119500,,
A119610,,
A119650,-0.1963087248322148,62270.0
A119830,,
A119850,,
A119860,,
A120030,0.14325068870523336,104385.0
A120110,0.2027027027027036,2269488.0
A120115,0.13924050632911292,99643.0
A120210,,
A120240,,
A120780,,
A121060,,
A121440,,
A121550,,
A121600,,
A121800,,
A121850,,
A121890,,
A121910,,
A121950,,
A122090,,
A122260,,
A122290,,
A122350,,
A122390,,
A122450,,
A122630,,
A122640,,
A122690,,
A122750,,
A122800,,
A122870,,
A122900,-0.1336538461538473,323849.0
A122990,,
A123010,,
A123040,,
A123100,,
A123130,,
A123160,,
A123260,,
A123290,,
A123300,,
A123310,,
A123320,,
A123330,,
A123410,,
A123420,,
A123440,,
A123550,,
A123570,,
A123690,0.367588932806326,277976.0
A123700,-0.18874172185430446,76464.0
A123750,,
A123760,,
A123840,,
A123860,,
A123890,-0.022745305474741517,690965.0
A123900,,
A123910,,
A123930,,
A124050,,
A124090,,
A124500,,
A126340,,
A126550,,
A126560,-0.04474002418379696,445863.0
A126600,,
A126640,,
A126680,,
A126700,,
A126870,,
A126880,,
A127120,,
A127160,,
A127710,,
A128660,,
A128820,-0.11635944700460946,173478.0
A128910,,
A128940,1.08410654637851,6519456.0
A129050,,
A129260,-0.21148825065274152,89839.0
A129270,,
A130480,,
A130500,,
A130580,,
A130660,-0.1496881496881503,133334.0
A130680,,
A130730,,
A130740,,
A130960,,
A131030,,
A131090,,
A131100,,
A131180,,
A131220,,
A131290,,
A131370,,
A131380,,
A131390,,
A131400,,
A131760,,
A131890,,
A131970,,
A132030,,
A133690,,
A133750,,
A133820,-0.22761194029850781,64170.0
A134000,,
A134060,,
A134380,-0.15395683453237416,128489.0
A134580,,
A134610,,
A134780,,
A134790,0.8475336322869944,82400.0
A135160,,
A135270,,
A136280,,
A136340,,
A136480,,
A136490,0.20860147543556798,366206.0
A136510,,
A136540,,
A136660,,
A137400,,
A137610,,
A137930,,
A137940,,
A137950,,
A137990,,
A138040,0.3558558558558565,2150432.0
A138070,,
A138080,,
A138210,,
A138230,,
A138250,0.06188925081433139,549245.0
A138290,,
A138360,,
A138440,,
A138490,0.1951219512195107,297920.0
A138520,,
A138530,,
A138540,,
A138580,,
A138610,,
A138690,,
A138910,,
A138920,,
A138930,0.08525345622119831,3070310.0
A139050,,
A139130,0.0798362333674503,1784489.0
A139170,,
A139200,0.0,
A139220,,
A139230,,
A139240,,
A139250,,
A139260,,
A139270,,
A139280,,
A139290,,
A139300,,
A139310,,
A139320,,
A139480,0.4808743169398903,7554347.0
A139660,,
A139670,,
A140070,,
A140290,,
A140310,,
A140320,,
A140410,,
A140520,,
A140570,,
A140580,,
A140660,,
A140670,,
A140700,,
A140710,,
A140860,,
A140890,-0.1809775429326289,30027.0
A140910,-0.14655322104532054,17835.0
A140950,,
A141000,,
A141020,,
A141070,,
A141080,,
A141240,,
A141250,,
A142210,,
A142280,,
A142750,,
A142760,,
A143160,,
A143210,-0.022678185745140772,197863.0
A143240,,
A143460,,
A143500,,
A143540,,
A143570,,
A143850,,
A143860,,
A144510,,
A144600,,
A144620,0.49999999999999767,139050.0
A144630,,
A144670,,
A144740,,
A144750,,
A144960,,
A145020,,
A145210,-0.25111773472429266,23884.0
A145270,-0.6065705128205129,42566.0
A145670,,
A145720,0.8057971014492741,689588.0
A145850,,
A145990,-0.1161904761904766,954894.0
A145995,-0.03625954198473207,18689.0
A147760,,
A147830,,
A147970,,
A148020,,
A148040,,
A148070,,
A148140,,
A148250,,
A148780,,
A149010,,
A149130,,
A149940,,
A149950,,
A149980,,
A150440,,
A150460,,
A150840,,
A150900,,
A151750,,
A151860,,
A151910,,
A151940,,
A151945,,
A151947,,
A152100,,
A152180,,
A152280,,
A152330,0.04999999999999819,336000.0
A152380,,
A152500,,
A152550,,
A152870,,
A153130,,
A153270,,
A153360,-0.15346534653465257,27616.0
A153460,,
A153490,,
A154030,,
A154040,,
A155650,,
A155660,-0.44408602150537646,82720.0
A155900,-0.018707482993196835,43852.0
A155960,,
A156080,,
A156100,,
A156170,,
A157450,,
A157490,,
A157500,,
A157510,,
A157520,,
A157650,,
A158300,,
A158310,,
A158380,,
A159580,,
A159650,-0.23134328358208964,15353.0
A159800,,
A159910,,
A160350,,
A160550,,
A160580,,
A160600,,
A160980,,
A161000,0.3928571428571423,562302.0
A161390,-0.05862068965517089,6763579.0
A161490,,
A161500,,
A161510,,
A161520,,
A161530,,
A161540,,
A161550,,
A161570,,
A161580,,
A161890,0.24620060790273535,1730566.0
A161990,,
A162120,,
A163560,-0.2943274456521738,105038.0
A165270,,
A166060,,
A166090,,
A166220,,
A166400,,
A166480,,
A167380,,
A167860,,
A168300,,
A168330,,
A168490,,
A168570,,
A168580,,
A168950,,
A169950,,
A170030,,
A170120,,
A170350,,
A170790,,
A170900,-0.05592417061611395,841009.0
A170920,,
A171010,,
A171090,,
A171120,,
A172580,-0.03917525773195768,30394.0
A173130,,
A173940,,
A174350,,
A174360,,
A174880,,
A174900,,
A175140,,
A175330,0.05017301038062282,943517.0
A176440,,
A176560,,
A176710,,
A176750,,
A176950,,
A177350,,
A177830,,
A178320,,
A178600,,
A178780,,
A178920,,
A179280,,
A179440,,
A179690,,
A179720,,
A179900,,
A180060,,
A180400,,
A180640,0.19218241042345338,1082819.0
A18064K,0.30000000000000127,6978.0
A181340,,
A181450,,
A181480,,
A181710,0.3598409542743542,1338248.0
A181980,,
A182360,,
A182400,,
A182480,,
A182490,,
A182690,,
A183190,0.5390427154310014,362539.0
A183300,,
A183350,,
A183410,,
A183490,,
A183560,,
A183700,,
A183710,,
A184230,,
A184560,,
A185190,,
A185280,,
A185490,,
A185680,,
A185750,0.32534864150035764,1303153.0
A186230,,
A187220,,
A187270,,
A187420,,
A187770,,
A187790,,
A187870,,
A189300,,
A189330,,
A189350,,
A189390,,
A189400,,
A189540,,
A189620,,
A189690,,
A189700,,
A189860,,
A189980,,
A190150,,
A190160,,
A190410,,
A190510,,
A190620,,
A191410,,
A191420,,
A191600,,
A192080,,
A192090,,
A192240,,
A192250,,
A192390,,
A192400,0.27906743444152354,1617554.0
A192410,,
A192440,,
A192520,,
A192530,0.1111111111111119,615793.0
A192720,,
A192820,-0.020920502092049962,1175793.0
A193250,,
A194370,-0.22424242424242494,170696.0
A194480,,
A194510,,
A194610,,
A194860,,
A195440,,
A195870,0.2741312741312739,280500.0
A195920,,
A195930,,
A195970,,
A195980,,
A195990,,
A196030,,
A196170,,
A196220,,
A196230,,
A196300,,
A196450,,
A196490,,
A196700,,
A197140,,
A197210,,
A198440,,
A198940,,
A199150,,
A199290,,
A199800,,
A199870,,
A200020,,
A200030,,
A200040,,
A200050,,
A200130,,
A200230,,
A200250,,
A200350,,
A200470,,
A200580,,
A200670,,
A200710,,
A200780,,
A200880,-0.2821428571428582,271636.0
A201150,,
A201490,,
A202960,,
A203400,,
A203450,,
A203650,,
A203690,,
A203780,,
A204210,-0.17497348886532393,30446.0
A204320,0.3155650319829419,2897254.0
A204420,,
A204440,,
A204450,,
A204480,,
A204620,,
A204630,,
A204650,,
A204690,,
A204760,,
A204840,,
A204990,,
A205100,,
A205290,,
A205470,,
A205500,,
A205720,,
A206300,,
A206400,,
A206560,,
A206640,,
A206650,,
A206660,,
A206950,,
A207230,,
A207720,,
A207760,,
A207930,,
A207940,1.456953642384107,24547215.0
A208140,,
A208350,,
A208370,,
A208470,,
A208640,,
A208710,,
A208850,,
A208860,,
A208870,,
A208890,,
A210120,,
A210540,1.0474137931034486,209792.0
A210610,,
A210780,,
A210980,0.1426146010186743,543616.0
A211050,,
A211210,,
A211260,,
A211270,,
A211560,,
A211900,,
A212310,,
A212560,,
A213090,,
A213420,,
A213500,-0.28934010152284234,333208.0
A213610,,
A213630,,
A214150,,
A214180,,
A214270,,
A214310,,
A214320,0.2819614711033272,1464000.0
A214330,-0.22397476340693898,48044.0
A214370,,
A214390,-0.10035842293906815,300031.0
A214420,-0.22197802197802202,312228.0
A214430,,
A214450,,
A214610,,
A214680,,
A214870,,
A214980,,
A215000,,
A215050,,
A215090,,
A215100,,
A215200,,
A215360,,
A215380,,
A215480,,
A215570,,
A215580,,
A215600,,
A215620,,
A215640,,
A215750,,
A215790,,
A216050,,
A216280,,
A216400,,
A217190,,
A217270,,
A217320,,
A217480,,
A217500,,
A217600,,
A217620,,
A217730,,
A217770,,
A217780,,
A217790,,
A217810,,
A217820,,
A217880,,
A217950,,
A218150,,
A218410,,
A218420,,
A218710,,
A219130,,
A219390,,
A219420,,
A219480,,
A219550,,
A219580,,
A219750,,
A219860,,
A219900,,
A219960,,
A220100,,
A220110,,
A220130,,
A220180,,
A220250,,
A220260,,
A220630,,
A221200,,
A221610,,
A221670,,
A221800,,
A221840,,
A221950,,
A221980,,
A222040,,
A222080,,
A222110,,
A222160,,
A222170,,
A222180,,
A222190,,
A222200,,
A222390,,
A222420,,
A222520,,
A222670,,
A222800,,
A222810,,
A222980,,
A223040,,
A223190,,
A223220,,
A223310,,
A224020,,
A224060,,
A224090,,
A224110,,
A224760,,
A224810,,
A224880,,
A225030,,
A225040,,
A225050,,
A225060,,
A225130,,
A225190,,
A225220,,
A225330,,
A225430,,
A225440,,
A225530,,
A225570,,
A225590,,
A225650,,
A225800,,
A225850,,
A225860,,
A226320,0.055813953488373334,995591.0
A226340,,
A226350,,
A226360,,
A226380,,
A226400,,
A226440,,
A226490,,
A226610,,
A226810,,
A226850,,
A226980,,
A227420,,
A227540,,
A227550,,
A227560,,
A227570,,
A227610,,
A227680,,
A227830,,
A227840,-0.1124620060790275,132872.0
A227930,,
A227950,,
A228180,,
A228340,,
A228760,,
A228790,,
A228800,,
A228810,,
A228820,,
A228850,,
A229000,,
A229200,,
A229480,,
A229500,,
A229640,0.11130742049470102,192630.0
A229720,,
A230240,,
A230360,,
A230400,,
A230480,,
A230490,,
A230980,,
A232080,,
A232140,,
A232270,,
A232290,,
A232330,,
A232360,,
A232530,,
A232590,,
A232680,,
A232830,,
A233160,,
A233190,,
A233250,,
A233740,,
A233990,,
A234070,,
A234080,0.5393053016453385,333317.0
A234100,,
A234300,,
A234310,,
A234790,,
A234920,,
A235010,,
A235090,,
A236030,,
A236200,,
A236340,,
A236350,,
A236460,,
A237010,,
A237350,,
A237370,,
A237440,,
A237690,,
A237720,,
A237750,,
A237880,,
A238090,,
A238120,,
A238490,,
A238500,,
A238670,,
A238720,,
A238730,,
A239340,,
A239610,,
A239660,,
A239890,,
A240340,,
A240540,,
A240810,,
A241140,,
A241180,,
A241390,,
A241510,,
A241520,,
A241560,-0.001394700139470036,3588920.0
A241590,0.5686274509803915,726440.0
A241690,,
A241710,,
A241770,,
A241790,,
A241820,,
A242040,,
A242350,,
A242420,,
A242850,,
A243070,,
A243840,,
A243870,,
A243880,,
A243890,,
A244580,,
A244620,,
A244660,,
A244670,,
A244820,,
A244880,,
A245030,,
A245340,,
A245350,,
A245360,,
A245450,,
A245710,,
A246250,,
A246690,,
A246720,,
A246830,,
A247300,,
A247780,,
A247790,,
A247800,,
A248170,0.14052287581699316,159433.0
A248260,,
A248270,,
A249420,0.35213220848260673,459325.0
A250000,,
A250060,,
A250300,,
A250730,,
A250780,,
A250930,,
A251270,0.16358024691357897,16027474.0
A251280,,
A251340,,
A251350,,
A251370,,
A251430,,
A251540,,
A251590,,
A251600,,
A251630,,
A251890,,
A251960,,
A252000,,
A252370,,
A252400,,
A252410,,
A252420,,
A252500,,
A252650,,
A252670,,
A252710,,
A252720,,
A252730,,
A252940,,
A253150,,
A253160,,
A253230,,
A253240,,
A253250,,
A253280,,
A253290,,
A253450,,
A253590,,
A253840,,
A253990,,
A254120,,
A255220,,
A255440,,
A256090,,
A256440,,
A256450,,
A256630,,
A256750,,
A256840,,
A256940,,
A257730,,
A258250,,
A258540,,
A258610,,
A258790,,
A259630,,
A260200,,
A260270,,
A260490,,
A260660,,
A260870,,
A260930,,
A260970,,
A261060,,
A261070,,
A261110,,
A261120,,
A261140,,
A261200,,
A261220,,
A261240,,
A261250,,
A261260,,
A261270,,
A261920,,
A262830,,
A263190,,
A263540,,
A263600,,
A263650,,
A263700,,
A263720,,
A263750,,
A263770,,
A263800,,
A263810,,
A263860,,
A263920,,
A264290,,
A264450,,
A264660,,
A264850,,
A264900,-0.36711711711711714,175960.0
A26490K,-0.5517401392111363,7473.0
A265480,,
A265520,,
A265560,,
A265690,,
A265920,,
A266140,,
A266160,,
A266170,,
A266360,,
A266370,,
A266390,,
A266410,,
A266420,,
A266550,,
A266870,,
A267060,,
A267250,-0.023076923076922932,6205201.0
A267260,-0.12079776034797916,1163459.0
A267270,0.5318932932080023,1669094.0
A267290,0.24309865916806744,170994.0
A267300,,
A267320,,
A267440,,
A267450,,
A267490,,
A267500,,
A267770,,
A267790,,
A267810,,
A267980,,
A268280,-0.13095238095238187,302460.0
A269370,,
A269420,,
A269530,,
A269540,,
A269620,,
A270020,,
A270210,,
A270520,,
A270660,,
A270800,,
A270810,,
A271050,,
A271060,,
A271400,,
A271560,0.269744835965979,4131251.0
A271740,,
A271850,,
A271980,-0.056228999191867635,652329.0
A272220,,
A272230,,
A272290,,
A272420,,
A272450,-0.08145580589254765,795000.0
A272550,-0.14915966386554635,287749.0
A272560,,
A272570,,
A272580,,
A272910,,
A273060,,
A273130,,
A273140,,
A275280,,
A275290,,
A275300,,
A275540,,
A275750,,
A275980,,
A276000,,
A276650,,
A276920,,
A276970,,
A276990,,
A277070,,
A277410,,
A277480,,
A277540,,
A277630,,
A277640,,
A277650,,
A277820,,
A277880,,
A278240,,
A278420,,
A278530,,
A278540,,
A278620,,
A278990,,
A279410,,
A279530,,
A279540,,
A279600,,
A280320,,
A280360,-0.23157894736842105,614529.0
A280920,,
A280930,,
A280940,,
A281310,,
A281410,,
A281740,,
A281820,-0.06167400881057255,422578.0
A281990,,
A282000,,
A282330,0.08247422680412374,3629620.0
A282690,-0.18799999999999986,139390.0
A283580,,
A283930,,
A284420,,
A284430,,
A284610,,
A284740,,
A284980,,
A284990,,
A285000,,
A285010,,
A285020,,
A285130,,
A28513K,,
A285690,,
A285770,,
A287180,,
A287300,,
A287310,,
A287320,,
A287330,,
A289040,,
A289250,,
A289260,,
A289480,,
A289670,,
A290080,,
A290130,,
A291130,,
A291610,,
A291620,,
A291630,,
A291660,,
A291680,,
A291890,,
A292050,,
A292100,,
A292110,,
A292120,,
A292130,,
A292140,,
A292150,,
A292160,,
A292190,,
A292340,,
A292500,,
A292560,,
A292570,,
A292580,,
A292590,,
A292730,,
A292750,,
A292770,,
A293180,,
A294400,,
A295040,,
A900010,,
A900020,,
A900030,,
A900040,,
A900050,,
A900060,,
A900070,,
A900080,,
A900090,,
A900100,,
A900110,,
A900120,,
A900130,,
A900140,,
A900150,,
A900180,,
A900250,,
A900260,,
A900270,,
A900280,,
A900290,,
A900300,,
A900310,,
A950010,,
A950030,,
A950070,,
A950100,,
A950110,,
A950130,,
A950140,,
A950160,,
A950170,,
