firm,market cap,return,vol
A000020,272332.0,9.999999999999854,2.7357823193972606
A000030,10647000.0,-1.2658227848102888,1.8822194371591363
A000040,61186.0,47.239263803681,4.217487975878977
A000050,381072.0,2.5454545454545174,2.070245641915073
A000060,2592943.0,-11.349036402569613,1.3821995038383963
A000070,1044841.0,-6.477732793522318,3.6498040212886362
A000075,16966.0,-0.5347593582887833,1.5838459598444852
A000080,1690220.0,-13.709677419354783,1.671669390414185
A000087,20682.0,-5.449591280653898,0.6329658238200949
A000100,2554831.0,7.4245939675173345,2.1038101769359807
A000105,45112.0,10.810810810810946,1.6349450443529538
A000120,3193728.0,20.344827586206883,2.085885710212943
A000140,234388.0,-7.450980392156881,1.0415627903256426
A000145,4633.0,-7.889344262294995,1.229737648481439
A000150,2169374.0,1.7391304347825542,2.2773332686671863
A000155,323773.0,5.817174515235379,0.6762244784369494
A000157,72349.0,5.124653739612217,0.6663203182181469
A000180,182749.0,24.52830188679238,2.0279812219166793
A000210,2867520.0,1.7156862745098866,2.163623847691821
A000215,125780.0,2.1021021021021324,1.7714876155719899
A000220,75786.0,35.102040816326465,4.958727168041764
A000225,7753.0,25.52238805970144,3.7666048691470313
A000227,3060.0,15.281501340482517,3.927431491585822
A000230,158928.0,-1.3157894736841813,1.3309169823078304
A000240,1758081.0,0.2724795640327127,1.2047591314096708
A000270,13579672.0,3.987730061349559,1.6083435742543228
A000300,64328.0,66.89280868385363,3.2907417508520242
A000320,213988.0,-2.1472392638037463,1.406409681659584
A000325,3807.0,4.228855721393021,1.952390503099746
A000370,950255.0,-11.552795031055895,1.83467012757908
A000390,193330.0,0.5398110661268385,1.8344556357335302
A000400,389412.0,6.724137931034568,2.771316118083682
A000430,231880.0,43.243243243243136,3.537265155115614
A000480,348400.0,-0.3500583430571802,0.5655640387402882
A000490,227791.0,-12.769953051643135,3.8166659020061964
A000500,95480.0,27.394209354120292,2.358255121358289
A000520,46915.0,244.28086070215187,9.01998170949629
A000540,343698.0,11.742424242424265,2.356840669464097
A000545,3802.0,25.52552552552556,2.563487595363256
A000547,3348.0,52.40274599542345,3.9360529693983883
A000590,92589.0,24.078624078624134,2.8679146820894097
A000640,785693.0,-6.324110671936689,1.903635200561749
A000650,135347.0,3.169398907103904,0.8517565963879462
A000660,55692181.0,10.810810810810878,2.256803341265201
A000670,1978351.0,-21.656050955414052,1.3545355345420595
A000680,228135.0,17.028380634390583,1.286547515671385
A000700,165366.0,10.371517027863852,2.3543784638738683
A000720,4042214.0,77.41046831955916,4.2693142084693925
A000725,4691.0,549.2146596858641,8.670345283433747
A000760,50400.0,21.12676056338032,3.490361578453128
A000810,12649081.0,1.5065913370998274,1.2158092709362012
A000815,564984.0,3.4482758620688836,1.0057111005984114
A000850,122320.0,-1.2750455373405245,1.9764509528172238
A000860,243425.0,-10.569105691056935,1.1640988838668702
A000880,3110788.0,-4.534883720930205,1.8418543415020208
A000885,10209.0,6.7441860465116354,2.5823497425015054
A00088K,407867.0,-5.234159779614334,1.019258867478283
A000890,94253.0,13.79310344827589,1.9123690737432049
A000910,61041.0,43.77406931964061,3.431196915293978
A000950,32424.0,44.356955380577375,3.9053319904122996
A000970,204520.0,55.09761388286347,2.728106179337696
A000990,532414.0,22.68907563025211,3.10853385295353
A000995,3836.0,17.57575757575762,2.25384993522552
A001020,66686.0,26.190476190476165,3.7560131915045445
A001040,5295625.0,-5.056179775280989,1.5754966820578344
A001045,174263.0,-1.4473684210525861,1.1222181623323921
A001060,867551.0,-10.462555066079293,2.34890842001977
A001065,4176.0,-0.38461538461542766,1.6708619925726989
A001067,3584.0,4.84061393152293,1.666597036697648
A001070,78864.0,-16.98717948717944,2.0042255410575978
A001080,75530.0,6.830601092896171,0.8395326866972334
A001120,1052334.0,-8.931698774080632,1.8213144558510883
A001130,281385.0,15.757575757575637,1.2921962890650027
A001140,15780.0,75.73221757322175,3.8588381040547413
A001200,338548.0,9.361702127659765,2.4536717309210974
A001210,49450.0,19.83584131326934,2.696734949735405
A001230,1049760.0,-9.5238095238095,2.839482748590869
A001250,230682.0,58.523725834798014,3.4135298173651423
A001260,59210.0,312.2670807453416,8.138219343654669
A001270,260803.0,-0.6085192697769637,1.71644975796558
A001275,68400.0,-4.194260485651369,1.2352000402357082
A001290,87957.0,82.55813953488362,5.2622067781376565
A001340,118809.0,43.60902255639096,2.6100927898148987
A001360,166536.0,-8.399800598205342,3.4139089965775575
A001380,179857.0,-22.622107969151738,4.392639074360662
A001390,303149.0,-2.3465703971119023,3.7330919091816526
A001420,26334.0,30.242510699001592,3.447933121477752
A001430,1041795.0,-12.27495908346964,1.8633386109868133
A001440,963532.0,52.212389380530986,2.995788124657665
A001450,4201800.0,-17.030567685589514,1.8702863842913455
A001460,191132.0,-7.973421926910307,0.8145535059931064
A001465,32846.0,-3.3112582781456457,1.083649932954534
A001470,130617.0,31.420373027259394,5.5068421837438235
A001500,319775.0,9.813084112149495,1.902124038729782
A001510,368135.0,5.485232067510526,1.7749259085567948
A001515,13929.0,8.367626886145295,2.4961076833182227
A001520,473788.0,11.168831168831161,2.3744691693130475
A001525,5862.0,-2.6068821689259503,2.3146727189987626
A001527,3178.0,15.714285714285726,1.720198797265096
A001529,1987.0,26.39821029082774,2.290208445730856
A001530,125432.0,-0.7448789571694481,0.964493549165037
A001550,58011.0,76.30522088353422,4.9683159018288325
A001560,59000.0,17.74744027303754,2.126146151398764
A001570,105921.0,-0.6109979633401985,2.0576938630762274
A001620,56777.0,15.350877192982338,2.340298731021756
A001630,363215.0,-5.970149253731294,1.5195720562072472
A001680,954553.0,-4.847396768402145,1.8805172864509494
A001685,18155.0,3.088803088803127,1.0809165195943244
A001720,532200.0,0.1718213058419682,1.2078205115854883
A001725,387252.0,-7.706093189964147,0.758364516629297
A001740,1650448.0,-21.601208459214526,1.5109628832070672
A001745,6239.0,30.253623188405744,2.790789260768343
A001750,98264.0,4.370860927152176,0.8172397528359606
A001755,4799.0,-0.11185682326617652,1.244414990217797
A001770,20896.0,38.23529411764708,4.269155778067457
A001780,256363.0,51.474530831099145,4.43728624486859
A001790,216580.0,2.8225806451612767,1.434201445045811
A001795,9206.0,-4.440892098500626e-14,0.9881265861662334
A001799,3002.0,12.765957446808551,1.7383097463716628
A001800,1669464.0,-9.54128440366977,2.1203968585565343
A001820,447505.0,66.98337292161523,4.573625638516362
A001880,227696.0,10.810810810810878,3.047699246242345
A001940,274189.0,-8.416491596638675,1.5154289600479058
A002000,342708.0,52.30998509687039,3.948261481613269
A002005,13393.0,19.536423841059623,3.920487110861316
A002020,740557.0,-16.748768472906374,1.6511226207380454
A002025,30462.0,-13.475177304964504,1.349453538686853
A002030,250872.0,27.155172413793018,2.031804892890708
A002070,53364.0,4.9932523616733615,0.7981023782987693
A002100,130367.0,62.75510204081629,4.682969930650923
A002140,67087.0,33.63802559415004,3.931380501896173
A002150,166745.0,79.49238578680198,4.8074850727068235
A002170,123450.0,12.224938875305691,1.2133421867593612
A002200,62600.0,59.99999999999994,2.7906798385391536
A002210,122545.0,227.45098039215694,8.4487528499941
A002220,53958.0,22.550831792975877,2.2729136494248134
A002240,590400.0,-10.445468509984646,1.7639035345745222
A002250,335579.0,-3.7102473498234256,0.5611530609022155
A002270,625924.0,29.71530249110319,2.077118220660154
A002300,112111.0,13.96895787139696,1.2451528382370909
A002310,163008.0,83.5616438356164,3.2102323297105078
A002320,311341.0,0.1919385796545381,1.8144007531579378
A002350,1152481.0,7.659574468085184,1.183211145538326
A002355,37635.0,-12.262521588946495,0.9824356008274681
A002360,156143.0,19.718309859154857,2.280670982595534
A002380,4022031.0,-1.3157894736841258,1.6067717930690388
A002390,415605.0,-7.2058823529412175,3.4142452855693146
A002410,42904.0,79.22437673130209,5.00218786663533
A002420,29917.0,30.55181695827731,4.298745716045185
A002450,212748.0,16.182572614107894,2.996316741973236
A002460,188630.0,6.578947368421018,1.76708744935628
A002600,172800.0,-21.492007104795785,1.6118650488048645
A002620,155569.0,-19.15184678522569,1.6734506452847349
A002630,176099.0,-7.359307359307266,2.171124868950903
A002690,48975.0,48.04216867469895,4.277826218216905
A002700,99111.0,17.993079584775007,1.833975203403826
A002710,42227.0,17.819148936170226,2.1433327237972515
A002720,91680.0,8.067542213883616,4.721483946446878
A002760,64692.0,87.23404255319156,5.847706796023173
A002780,278351.0,25.916230366492155,2.6338820523657738
A002785,2777.0,28.20512820512826,3.6705862543204284
A002787,2314.0,22.335025380710682,4.58513567083941
A002790,11626603.0,-5.944055944055937,2.4193906522901245
A002795,377605.0,-6.105610561056086,1.8268149879690636
A002810,291459.0,-5.551115123125783e-14,1.8164318208444548
A002820,97082.0,9.652509652509544,3.8502557751673208
A002840,178411.0,5.145413870246052,1.1411015388977062
A002870,28736.0,51.7412935323383,3.374307545572787
A002880,96926.0,32.09302325581389,3.110578945355043
A002900,106584.0,81.92771084337342,4.212229345327719
A002920,92373.0,-3.840682788051264,0.9612617979307647
A002960,499200.0,-12.483574244415252,1.0590067531829772
A002990,340929.0,49.73544973544983,2.900228718674454
A002995,6386.0,50.88105726872243,5.642980697523841
A003000,1051722.0,0.3745318352059934,2.795446694504057
A003010,44177.0,124.17266187050377,5.872013279012416
A003030,577200.0,-7.3022312373225535,2.9386055192110763
A003060,346937.0,-6.99300699300699,2.4920702618989097
A003070,246558.0,16.98880976602235,2.2691705416482044
A003075,5568.0,11.142061281336947,2.935105493846942
A003080,121321.0,11.525423728813733,0.9972520356221114
A003090,1125047.0,3.3419023136246118,3.1513139868510898
A003120,356440.0,-15.471698113207555,1.7194663148304528
A003160,161579.0,1.9493177387914562,1.8477940373789792
A003200,264000.0,-6.363636363636371,0.8756466743576703
A003220,387728.0,-5.238095238095209,2.2216720902509097
A003230,729196.0,-8.000000000000085,3.247701573781093
A003240,1466348.0,6.782215523737789,2.2497429322492994
A003280,95913.0,7.189542483660172,3.2861079699106344
A003300,1078980.0,18.181818181818144,3.3268195543047794
A003350,218896.0,-4.3172690763052195,3.7593185367369877
A003410,1879396.0,81.64893617021269,3.7630970612589985
A003415,4832.0,141.8749999999999,5.2044639136781745
A003460,180314.0,-4.838709677419328,0.6893997493200187
A003465,52779.0,-5.666666666666719,1.5049792700338884
A003470,770369.0,23.629242819843288,2.965613059664181
A003475,32732.0,10.000000000000032,2.0204180150194104
A003480,119005.0,2.7227722772276364,1.5863216994535296
A003490,3210491.0,-4.615384615384722,2.039604837140055
A003495,16051.0,1.6556291390728006,2.031132877199328
A003520,1605798.0,-10.147991543340417,3.0705856284540047
A003530,465595.0,17.765567765567745,2.436560614739565
A003535,11568.0,13.88329979879288,1.8796593667289054
A003540,731137.0,-2.105263157894721,2.1254043474594893
A003545,246480.0,-1.8438177874186779,1.019445154878242
A003547,88400.0,-2.761795166858483,0.8519568774621474
A003550,15702699.0,-9.88888888888888,1.6211741233077095
A003555,164739.0,-8.484848484848506,1.1237085065434353
A003560,368690.0,-11.316872427983515,3.40859573847512
A003570,242901.0,-8.221024258760046,1.2717161263533732
A003580,81999.0,34.40170940170935,5.276615793932348
A003610,84628.0,6.8010075566750094,1.2754643766105411
A003620,706301.0,-4.247104247104305,1.5919548048856944
A003650,149264.0,-0.46948356807512415,0.9224491676311718
A003680,35881.0,13.671274961597458,1.1632922484378374
A003690,1324060.0,5.479452054794565,1.2211532808125756
A003720,38760.0,-6.22222222222224,1.5702065683515583
A003780,37960.0,6.782608695652126,1.9202883001835023
A003830,152056.0,7.894736842105221,1.1821777344963453
A003850,424320.0,13.551947362835648,2.9175414581813492
A003920,501840.0,-2.7142857142856025,0.9959091442248988
A003925,37082.0,4.440892098500626e-14,0.66939600633665
A003960,146630.0,22.81746031746039,2.8941488327855027
A004000,1674420.0,-1.2326656394452962,2.5204894019027755
A004020,7819923.0,11.584327086882462,2.1408756212943003
A004060,187648.0,-0.883002207505601,2.1905617355067752
A004080,106560.0,4.440892098500626e-14,1.6922322068073001
A004090,63227.0,74.43064182194605,5.886466456165671
A004100,62390.0,-0.28248587570619543,1.5127338776344184
A004105,11418.0,22.869318181818123,2.054661451305766
A004130,563772.0,-39.299610894941615,3.1015747001894525
A004135,20952.0,-9.64467005076144,1.3599512296874405
A004140,46672.0,56.747404844290486,3.0433314618916785
A004150,211633.0,10.606060606060641,1.9236059801148064
A004170,2953554.0,48.86956521739121,2.9183801310723467
A004200,127145.0,44.329896907216515,2.9852593035623025
A004250,191678.0,0.9596928982724906,1.4159730640663615
A004255,13438.0,8.543689320388271,0.9700185681393926
A004270,78218.0,-11.453744493392115,1.6396576013130972
A004310,121440.0,52.849740932642476,6.3693250605976885
A004360,243289.0,4.31372549019613,1.34166602020961
A004365,28481.0,-3.1413612565445725,1.2435025696689874
A004370,2153255.0,-8.177905308464783,1.385063915779136
A004380,455700.0,-31.187122736418527,2.99089323007295
A004410,86714.0,-2.316602316602334,1.999874897813546
A004415,11545.0,8.174904942965867,2.742200115051232
A004430,648000.0,8.10810810810798,3.184968435340806
A004440,161696.0,23.387096774193417,3.3447222378495423
A004450,111597.0,-1.960784313725461,1.2017284680254299
A004490,500500.0,-7.5630252100840405,1.346158328869653
A004540,154921.0,4.987834549878278,1.2426602526565047
A004545,6060.0,6.422018348623815,1.7244729778994883
A004560,176422.0,18.623481781376473,2.95311870070839
A004565,4932.0,204.63576158940378,6.912841986407928
A004690,458218.0,-3.0837004405286916,1.9124028627029155
A004700,271950.0,-3.9092055485497545,0.8533033744116694
A004710,369235.0,-25.37313432835826,1.9974889137733691
A004720,129251.0,-7.9166666666666945,3.6196004390371552
A004770,84833.0,24.185248713550767,4.709079555682339
A004800,4898885.0,-6.779661016949312,2.125436746790334
A004830,57781.0,24.666666666666835,2.4860809664562216
A004835,3925.0,60.94890510948905,3.660809219669084
A004840,149340.0,8.52713178294573,2.033057273104
A004870,248003.0,83.79120879120903,4.077849163020966
A004890,163459.0,11.432706222865384,2.0029238885180507
A004910,129280.0,-6.36815920398014,1.5174408568248585
A004920,32157.0,22.406639004149408,3.4059813410956865
A004960,244709.0,0.22172949002223774,2.7913767594715657
A004970,263200.0,2.134146341463272,1.354298955837534
A004980,135408.0,94.34628975265025,5.213339326889186
A004985,3664.0,36.11111111111103,2.6573588832497808
A004987,2339.0,32.85714285714292,4.578775483566785
A004989,2407.0,18.443113772455,2.262139713343786
A004990,4796763.0,-11.671469740633977,1.7789466952434867
A00499K,66270.0,-17.49663526244958,1.0906996184099969
A005010,106893.0,-2.6143790849671777,1.9619062095036073
A005030,30312.0,-16.638655462184825,3.7274845171219457
A005070,251495.0,21.316614420062674,3.7257238554759695
A005090,212138.0,-1.509872241579513,4.199486358137913
A005110,58752.0,46.36871508379872,4.014256421832245
A005180,621613.0,0.6250000000000311,1.4898178262006365
A005190,88037.0,-1.5105740181269534,1.5673015549374594
A005250,1845857.0,-2.82776349614392,1.941790064442563
A005257,22757.0,-14.473684210526338,1.6088138038536073
A005300,1062331.0,21.12359550561802,1.8441732171820804
A005305,43960.0,30.714285714285804,1.2514691013436947
A005320,40532.0,15.313935681470149,4.2996085104579445
A005360,53857.0,17.549668874172177,2.0257587636813894
A005380,34363131.0,1.6611295681063565,1.930958513112027
A005385,2352805.0,1.6181229773463368,1.657330570060415
A005387,3836614.0,1.4778325123152802,1.9164330975159083
A005389,213382.0,1.748251748251639,1.061520567525043
A005390,153049.0,22.072072072072157,2.620056318047184
A005420,392659.0,-32.298136645962785,4.551589001977291
A005430,167184.0,-22.45250431778939,1.7594776345869374
A005440,1460682.0,2.702702702702653,1.6161287469184054
A005450,34623.0,15.647550322825744,2.6400459886875867
A005490,28989623.0,0.13986013986009294,2.2895190043574463
A005500,498315.0,26.190476190476343,2.4599165725879133
A005610,1350440.0,-21.753246753246746,1.8173055710695447
A005680,261000.0,-6.9230769230768985,1.465176903953122
A005690,332926.0,207.03125000000014,7.814998203663809
A005720,406399.0,-1.8592297476760389,0.9186034195036843
A005725,18975.0,-2.9126213592232553,1.2967857717151527
A005740,224195.0,18.300653594771177,2.8157898669927626
A005745,8080.0,10.370370370370363,2.606749504050343
A005750,106369.0,5.12422360248439,2.11085915301275
A005800,135000.0,-10.963455149501755,1.4108463603917745
A005810,411346.0,-6.839186691312438,0.9602675692953079
A005820,50930.0,14.347826086956527,2.0950309111977616
A005830,5040960.0,-11.014492753623163,1.636690639093637
A005850,829695.0,-10.625000000000039,3.1666026190667553
A005870,160923.0,4.444444444444318,2.2111480539271313
A005880,558146.0,23.768736616702313,3.841783967567103
A005930,328942963.0,-0.6199147617202638,1.9095952620889503
A005935,38143712.0,-2.0334928229665206,2.0444444447920094
A005940,3911584.0,18.279569892473102,2.419447821747093
A005945,168518.0,7.223476297968268,1.260211842240841
A005950,232990.0,-13.636363636363647,1.7569592603822508
A005960,210621.0,15.384615384615374,2.403417896188187
A005965,3770.0,46.40718562874251,5.601713269059648
A005980,96975.0,8.539603960396057,1.9929742763933178
A006040,1130035.0,6.583072100313592,1.5501365198751642
A006060,567030.0,-11.212121212121184,2.3231748600463313
A006090,123438.0,6.439393939393878,1.481544355635054
A006110,35695.0,23.839009287925705,2.3517982621996856
A006120,1883060.0,-19.903846153846118,2.215108751610987
A006125,114094.0,-25.200000000000056,1.660923721401679
A006200,37770.0,14.975247524752477,1.1365595494154774
A006220,158221.0,-5.982905982906028,0.9880482824850828
A006260,2334500.0,12.027027027027003,2.4796902274925072
A006280,2641158.0,-2.654867256637161,2.5930889145673044
A006340,73215.0,93.72197309417014,5.033553334916034
A006345,5885.0,101.4767932489451,6.32936835140086
A006360,2028409.0,54.06360424028267,2.919962124913404
A006370,130400.0,-16.83333333333331,0.9605122917590305
A006380,303200.0,-5.100671140939639,3.6362933048210393
A006390,255568.0,94.73684210526316,4.611793735594202
A006400,14062346.0,-7.951807228915742,2.5444025713829332
A006405,151273.0,-14.226804123711279,1.652911013401783
A006490,196359.0,391.3793103448291,8.041576044737548
A006570,83738.0,-12.966417910447692,1.4986059040178095
A006650,1712750.0,-3.1894934333957847,2.8585308473071755
A006660,93046.0,4.721030042918506,1.2507758234803443
A006740,64380.0,20.847457627118636,3.3517083893311357
A006800,6123448.0,10.064615047639824,2.257511351254754
A006805,86284.0,-9.71987850151873,1.563868061786285
A006840,907458.0,9.205020920502038,1.870607977811335
A006880,68016.0,22.04861111111107,1.3198570527374391
A006890,52954.0,11.234705228031029,0.9079156959421075
A006980,91001.0,34.49419568822538,3.933676623939445
A007070,3103100.0,-2.8642590286425906,2.486041297491306
A007110,95659.0,115.67164179104483,5.134413982110548
A007120,56041.0,21.54398563734292,2.9651244041042237
A007160,341500.0,2.0467836257309413,1.2414445409935038
A007210,274240.0,2.902055622732802,2.926438210932104
A007280,38204.0,185.17647058823536,3.9382996771718624
A007310,2772640.0,-7.374999999999887,1.5523398650667515
A007340,319308.0,8.571428571428585,1.7976154947499816
A007460,647072.0,-16.23376623376622,4.0013058693498875
A007540,86849.0,1.7973856209151373,1.5261426549841564
A007570,734223.0,2.0382165605095315,2.3213895870585115
A007575,11394.0,-2.8790786948176605,1.6580502237307195
A007590,95323.0,14.421768707482885,2.370666543510432
A007610,56970.0,82.93706293706298,6.171176100699199
A007630,174392.0,29.499999999999883,6.716197842182256
A007660,174359.0,-2.2093023255812416,1.908954855503941
A007690,366650.0,2.5000000000000133,2.005622600535588
A007700,646030.0,12.106537530266248,3.227544571958711
A007810,311794.0,-33.308550185873685,2.8978482834752004
A007815,14853.0,-16.999999999999982,1.4934449823910476
A00781K,4279.0,-3.165735567970196,1.6340190176517884
A007860,172812.0,-16.689280868385303,1.3435433047413456
A007980,172983.0,-5.588235294117583,2.149609295963635
A008040,199014.0,16.783216783216726,1.8197933181475248
A008060,481132.0,-14.012096774193594,1.4658408592732557
A008110,42014.0,-0.36900369003686206,1.35978587516986
A008250,89236.0,61.95652173913027,4.150508958139878
A008260,83291.0,24.87223168654178,2.088198581880451
A008350,109077.0,56.218905472636905,3.5764402202253844
A008355,2762.0,80.92105263157899,4.798734549252844
A008420,58127.0,38.219895287958174,2.8964253931298605
A008490,378310.0,6.0747663551401265,1.860919988719734
A008500,29880.0,-17.382413087934545,1.3168185494859728
A008560,2770808.0,-3.9999999999999036,2.22606159598382
A008600,92340.0,16.568047337278102,2.5219026106234095
A008700,169675.0,27.23404255319144,5.840504733761804
A008730,525760.0,-24.249422632794413,2.2362679663010323
A008770,3332165.0,45.34883720930234,2.692431350819377
A008775,38872.0,34.99043977055452,2.5519288823227053
A008870,70800.0,14.71004243281473,2.195017597200294
A008930,6913066.0,-34.323144104803426,2.6827808482337128
A008970,72145.0,199.88974641675824,6.3637160482743065
A009070,76800.0,30.588235294117805,2.7285799204409455
A009140,30945.0,35.660847880299265,6.138982646936022
A009150,7469370.0,23.99999999999998,2.607682780106711
A009155,134884.0,7.659115426105689,2.0715393706477214
A009160,120121.0,6.707317073170627,1.5676639200191498
A009180,33779.0,30.882352941176606,3.7166009102142663
A009190,39417.0,37.18354430379742,2.788823321926873
A009200,101735.0,56.326530612245065,2.5035669859981016
A009240,4236107.0,-36.54390934844197,2.740141216490156
A009270,134203.0,21.17647058823522,5.239290804984592
A009275,5172.0,45.81105169340462,6.573502186175674
A009290,458682.0,3.4522439585731313,2.011818877509244
A009310,131337.0,-17.76061776061786,2.295625833477651
A009320,126501.0,10.669077757685287,3.791847912914217
A009410,786920.0,6.944444444444331,3.1636474026072907
A009415,12941.0,31.91489361702129,4.07105409500609
A009420,1274672.0,16.92913385826764,5.278226052511813
A009440,116662.0,5.48204158790162,1.8513024592520733
A009450,653537.0,17.021276595744638,3.2253927664901973
A009460,60264.0,18.905472636815833,1.5384601220109775
A009470,121033.0,-9.57446808510637,4.66199847905594
A009540,5694875.0,14.59265890778867,2.9237365893479303
A009580,282840.0,62.22222222222224,2.828070633121103
A009680,303600.0,12.920738327904434,2.532672493606323
A009770,103874.0,-12.114014251781413,1.3991483609361326
A009810,35423.0,131.13207547169813,4.435225925539819
A009830,5207976.0,-11.550151975683843,2.1330332376475893
A009835,18485.0,-5.9880239520958,1.48698515457576
A009970,756775.0,-1.4571948998178041,1.785064362251491
A010040,68934.0,38.10316139767065,2.618015312127285
A010050,240895.0,18.181818181818098,2.257473592475093
A010060,3243514.0,9.688581314878864,3.6735809594924396
A010100,60292.0,14.213197969543167,1.9364958496655518
A010120,1953000.0,17.073170731707332,3.1245233993737163
A010130,9302910.0,-10.256410256410254,1.550878305450523
A010140,2858700.0,16.523260901268742,2.962801703288873
A010145,4312.0,111.17291924810844,5.50912910716171
A010420,29510.0,0.6849315068492734,2.845787498945802
A010580,29613.0,27.87136294027559,2.1171836655042706
A010600,54595.0,-8.541973490427035,4.1719240922431124
A010620,1574000.0,12.359550561797805,3.0884282935443506
A010640,16400.0,17.073170731707332,2.071073024548704
A010660,47740.0,2.5882352941176023,1.7209902918726663
A010690,149983.0,-11.217183770883054,1.4417841200829953
A010770,50238.0,63.37625178826887,5.917725527574833
A010780,1072764.0,-8.866279069767424,2.248886931006945
A010820,154324.0,73.59050445103857,4.053505070451865
A010950,13172187.0,-6.607929515418509,1.8771606035957968
A010955,398171.0,-2.2988505747127075,1.0678678118962985
A010960,114250.0,53.99999999999989,3.8609921507538614
A011000,125139.0,-2.2130013831259454,2.84955652752386
A011070,3408063.0,-12.24489795918371,2.9950458108280813
A011090,112184.0,7.068062827225208,2.305939659074997
A011150,103301.0,4.537521815008683,1.2930793505991103
A011155,5230.0,11.228070175438454,1.7421768085150255
A011160,181674.0,37.45704467353956,2.4439992170965747
A011170,12613354.0,6.611570247933929,2.3268623732558904
A011200,1565265.0,20.668058455114767,3.411501438354503
A011210,1767680.0,-16.326530612244927,1.9941640730689238
A011230,24361.0,-4.206500956022962,5.537065329515514
A011280,175953.0,59.76095617529889,3.043383499868104
A011300,35934.0,26.132930513595063,3.132282869540956
A011330,67039.0,52.12355212355229,3.2559341763440233
A011390,31258.0,527.9434850863418,7.406173712842208
A011420,80858.0,-26.386554621848678,3.274074102663635
A011500,65285.0,38.11764705882352,4.445047484136791
A011690,241251.0,123.86587771203143,4.167505055546684
A011700,125729.0,-11.302211302211374,1.9520937713769067
A011760,257965.0,33.670886075949305,2.8861958527246796
A011780,3031535.0,6.310679611650483,3.093478484080192
A011785,108694.0,-1.8372703412072644,2.2193293854477507
A011790,1764124.0,-18.877551020408077,2.2004539655106043
A011810,426019.0,0.0,0.0
A011930,331283.0,-9.278350515463984,2.7441394435786397
A012030,122346.0,38.88111888111885,2.792293218351948
A012160,106425.0,51.4056224899599,2.9785812338708624
A012170,113152.0,-18.449197860962528,2.7137738053867104
A012200,147026.0,12.053571428571374,2.2403911378100907
A012205,5138.0,124.14266117969844,5.680784425893534
A012280,62950.0,33.33333333333335,2.159146725097968
A012320,101105.0,21.974148061104426,1.763843334042118
A012330,25601436.0,-7.602339181286677,2.2788151868900295
A012450,1869930.0,-20.273972602739732,2.5001164908126925
A012510,988101.0,40.15037593984967,3.2922839018187813
A012600,26218.0,5.7052297939777175,2.078120297387917
A012610,234299.0,-2.0236087689712967,2.274136988228909
A012630,2906060.0,18.066157760814306,2.008441997618262
A012690,181028.0,-4.980468749999978,1.831706996773395
A012750,4065912.0,-7.941176470588096,1.425306695345326
A012800,96153.0,27.906976744186075,2.2851146932642057
A013000,42643.0,10.644257703081283,2.7046424172257533
A013360,55006.0,141.74757281553417,7.031593460084598
A013520,169150.0,-13.461538461538359,1.8228730652096607
A013570,169235.0,4.851330203442905,1.4968019062441664
A013580,154505.0,19.662921348314466,2.777431293853383
A013700,45604.0,66.00000000000004,2.9010480822301803
A013870,158872.0,-8.881199538639006,4.469575044820893
A014130,53280.0,43.337066069429,3.322175489081278
A014160,90064.0,14.335664335664223,1.9366978459966766
A014280,139366.0,15.924657534246567,2.2490797550822523
A014285,4353.0,43.89901823281899,5.318890943400868
A014440,97400.0,0.5159958720329705,1.3420128515547707
A014530,118556.0,12.424242424242182,1.3511709889136294
A014580,76405.0,14.801444043321442,1.3652404689682676
A014680,818902.0,-4.0110650069155485,2.1280551876297986
A014710,106411.0,11.074918566775139,1.2380943878096853
A014790,148717.0,110.26894865525657,5.243072037411206
A014820,1204070.0,-11.497890295358648,1.8436760322437844
A014825,7125.0,-0.7662835249041655,1.7707645392887204
A014830,413822.0,21.75824175824177,1.7712648286975174
A014910,39266.0,11.206896551724066,4.3465833375799425
A014915,4770.0,12.546125461254576,2.637364851094961
A014990,61585.0,105.57768924302806,6.394452727416048
A015020,35310.0,-5.542452830188649,1.7282763848672622
A015230,117600.0,-5.982905982905951,2.007793773718649
A015260,42405.0,6.992084432717727,2.33447285784271
A015350,396550.0,3.3994334277619442,0.6193994066123941
A015360,227400.0,8.179419525066045,1.9529689772876306
A015540,28220.0,17.70992366412203,3.5470785665728304
A015590,71191.0,83.38557993730392,4.454405323719516
A015760,24490930.0,-4.793608521970716,1.4814510628112125
A015860,258087.0,-10.79258010118036,2.252885279873975
A015890,151990.0,23.300970873786486,1.41514569752718
A016090,122941.0,-2.5782688766113337,1.324407915976878
A016360,3268380.0,1.226158038146985,1.9004542799997137
A016380,185501.0,-10.400000000000087,4.469963280816898
A016385,3191.0,48.809523809523924,7.012354157587102
A016450,430000.0,-13.11320754716987,2.8283944264605987
A016580,413852.0,-6.711409395973201,3.141551558377884
A016590,139159.0,153.19767441860472,4.157315172118002
A016610,169998.0,15.21472392638039,2.0332061202528977
A016710,127750.0,0.8827238335434862,0.8839038605005088
A016740,110145.0,8.833333333333403,2.531261099429467
A016800,379500.0,-7.401812688821874,0.7956670877867481
A016880,162797.0,91.8067226890759,3.2485356606268874
A017040,112244.0,44.52173913043467,4.885599346193257
A017180,143519.0,28.9689034369885,5.252319568344296
A017370,152190.0,-4.875148632580273,3.4304480331071083
A017390,471500.0,-3.4151547491995116,1.1522659264529505
A017550,76119.0,52.83687943262405,4.152666626766757
A017670,21559105.0,-14.31297709923659,1.3601720930182442
A017800,1340009.0,95.95782073813699,4.5833276560172225
A017810,655164.0,-19.83240223463688,2.2786112774285696
A017900,160794.0,3.978300180831784,2.626735132725009
A017940,390334.0,10.088495575221469,1.1573457490419916
A017960,235630.0,15.904936014625171,2.558955710442256
A018260,15475560.0,9.82800982800982,2.825224244641405
A018470,78300.0,23.706896551724178,2.443298860001075
A018500,120089.0,-46.757018393030044,4.021935880040893
A018670,844729.0,-3.0916844349679784,1.633324975793751
A018880,7419820.0,-18.613138686131425,2.1900428197706527
A019170,407455.0,28.80562060889926,4.035631816340012
A019175,10329.0,18.99999999999997,2.517871909296025
A019180,30780.0,43.965517241379445,3.095961476451117
A019440,172257.0,-4.455445544554548,1.3617631352488118
A019490,22980.0,9.04645476772612,2.731298763337267
A019680,694563.0,-2.46002460024608,0.9071646288763526
A019685,97329.0,-0.3984063745019695,0.20958786682285213
A020000,774614.0,13.738019169329085,2.1481380714231806
A020120,42115.0,25.274725274725228,3.1983204309298072
A020150,1761800.0,-10.331125827814546,2.5741398045794583
A020560,930742.0,12.432432432432439,2.360328195355038
A020760,218021.0,-25.359477124182995,2.988321766900882
A021050,54358.0,20.6896551724137,2.0717608518895694
A021240,7309730.0,-6.896551724137934,2.1059716036843863
A021820,149500.0,-15.254237288135531,1.922756656318778
A023000,133400.0,2.427921092564489,0.9362380447843818
A023150,46780.0,9.415584415584256,1.1581681109663162
A023350,56283.0,54.83271375464673,5.065724675551175
A023450,76530.0,5.084745762711784,1.0331172651312495
A023530,5596287.0,17.11491442542792,2.5378416730668167
A023590,863682.0,36.31713554987199,3.2354470742316304
A023800,86110.0,19.706840390879332,4.158129165398553
A023810,45450.0,11.356119073869909,1.1236192343077243
A023960,40073.0,27.906976744186007,4.529796911856305
A024070,60780.0,-9.31989924433253,1.1839008001589795
A024090,144495.0,0.40485829959522324,0.46074081380743137
A024110,9211652.0,3.0395136778115672,1.73734260425145
A024720,683357.0,20.192307692307597,3.456797490337564
A024890,106217.0,-7.884615384615423,2.1356404022481126
A024900,45917.0,5.841924398625542,2.0897271893839893
A025000,338316.0,-10.364963503649548,1.6430004348796945
A025530,71683.0,0.4287245444801746,0.838967101535393
A025540,696764.0,-23.652694610778457,1.4089374308286662
A025560,138149.0,5.405405405405261,1.678430096557473
A025620,395898.0,49.846153846153875,3.8877608125664596
A025750,114403.0,50.85324232081901,3.8043086133864352
A025820,71566.0,24.065420560747764,2.1953678964698455
A025860,531564.0,71.2962962962963,5.301216810872292
A025890,25559.0,33.261339092872475,3.487542976174396
A026890,160044.0,5.0183598531213125,3.7389804101833706
A026940,55800.0,14.571948998178508,1.58687157515713
A026960,2901270.0,-3.333333333333388,1.0730507591107252
A027390,222005.0,40.34165571616288,3.9588224825395457
A027410,492022.0,-15.857605177993472,2.808536155687078
A027740,75521.0,29.121725731895175,1.633041441276924
A027970,35014.0,15.646258503401356,2.4045302221649667
A028050,2430400.0,37.06563706563723,3.0575633494213874
A028100,134550.0,94.82758620689657,4.337164716594407
A028260,23900945.0,2.371541501976293,1.8232466438945023
A02826K,128405.0,1.2787723785165461,1.214835479937871
A028670,2817014.0,5.123339658444048,2.7257602984390514
A029460,334785.0,-9.84682713347932,3.5914670690295067
A029530,639074.0,-2.1001615508885463,2.079830018457988
A029780,4588012.0,-1.1464968152866684,1.1613961603340992
A030000,2438874.0,-2.9850746268657025,2.014757161582959
A030200,7898632.0,-7.731092436974773,0.8537363747910565
A030210,234923.0,56.3930013458952,4.73323680729189
A030610,326520.0,18.88888888888878,2.136139003307092
A030720,39560.0,-0.634249471458781,2.0880629081193467
A030790,126203.0,132.930513595166,4.163726322329186
A031430,529074.0,119.10112359550551,3.212891956515647
A031440,513104.0,15.830115830115865,1.7025334210664818
A031820,38381.0,40.13035381750467,4.741391960503548
A032350,490266.0,74.67248908296942,5.191934251362618
A032560,126000.0,49.171270718231995,4.251753422381544
A032640,6112559.0,-10.563380281690094,1.900064452553937
A032830,24900000.0,-6.530612244897949,1.6025921580610971
A033180,99115.0,421.52317880794715,10.417306966539867
A033240,477035.0,-39.065420560747654,3.0530191622248335
A033250,23736.0,41.79104477611932,5.234140620526617
A033270,493513.0,-12.175324675324717,3.2932717636247673
A033530,152013.0,6.149732620320925,2.3167110366777797
A033660,401095.0,19.424460431654687,1.236822992582708
A033780,15857283.0,-10.313901345291477,1.2465472538272482
A033920,560025.0,-13.212435233160724,1.5642203010664835
A034020,1634199.0,23.961661341853045,2.3092774540299796
A034120,471829.0,-0.770712909441329,1.9004536576342799
A034220,10698689.0,-24.350649350649366,1.817856474095264
A034300,105000.0,39.46869070208721,2.1466732909289163
A034310,554976.0,40.21352313167241,2.83102284250458
A034590,130149.0,0.16778523489926478,0.30383783715151275
A034730,19911964.0,8.571428571428585,1.6243653496964165
A03473K,92563.0,-3.0959752321982337,1.278670359188854
A034830,790291.0,-2.2187004754359307,1.4582453498703347
A035000,170644.0,-11.053180396246109,0.9843955019746606
A035150,167948.0,-12.535211267605684,1.7057581220853002
A035250,7445129.0,-10.328638497652465,1.510066602915681
A035420,28677531.0,-17.680826636050472,1.7254637958640553
A035510,141728.0,91.28329297820824,5.4065244990448695
A035720,9303468.0,-21.476510067114184,2.60663359541542
A036460,3927918.0,28.473804100227706,2.4175976451983336
A036530,249324.0,-15.806451612903317,1.516377493741471
A036570,9817712.0,-23.563218390804565,2.061271869422967
A036580,426044.0,12.12121212121222,1.8765086407920635
A037270,116341.0,21.287128712871194,2.884619848551467
A037560,549873.0,40.9348441926346,3.3039456494336603
A037710,367200.0,1.3071895424836333,1.0448222530040947
A039130,1196467.0,-3.755868544600993,2.787663924028831
A039490,1935937.0,39.77272727272714,2.8624266075656957
A039570,240316.0,-1.1102230246251565e-14,2.299837762668134
A041650,163183.0,-5.570291777188341,1.4110518984866736
A042660,1459900.0,50.58139534883712,3.816544673856597
A042670,1807499.0,18.838992332968306,3.089358672025377
A042700,753448.0,-9.565217391304415,2.7841570398322455
A044380,33481.0,-2.3853211009173036,2.9301338310869642
A044450,210296.0,-6.984478935698402,1.322045708942895
A044820,315969.0,36.77811550151966,3.06767733241045
A047040,2460486.0,8.067226890756473,2.6957924175212895
A047050,2239259.0,18.71794871794876,2.9541291319567775
A047400,102900.0,16.803278688524582,2.6551143179207837
A047810,4625194.0,-12.244897959183632,2.3801480545660545
A049770,903035.0,5.482456140350966,2.3378691231445003
A049800,86000.0,-17.76470588235298,1.6276807054100573
A051600,1827000.0,8.322824716267263,2.769191841054636
A051630,27420.0,8.620689655172331,2.2678357531813162
A051900,18570036.0,10.521885521885599,2.1106914857217864
A051905,1465589.0,5.916305916305875,2.0411795811520945
A051910,28589899.0,-15.75091575091564,2.174044795041252
A051915,1914511.0,-20.281124497991975,1.9001496200253714
A052690,909636.0,58.22222222222231,3.3415468079716675
A053210,643205.0,-2.290076335877933,1.2945868960429892
A053690,97482.0,13.31901181525228,2.2379264719562966
A055490,150965.0,-16.718266253869995,2.206528872373709
A055550,23425460.0,-4.504504504504602,1.5231279741717532
A057050,1446000.0,-7.594936708860756,1.3593466047303056
A058430,171000.0,-10.175438596491148,2.06700734328602
A058650,608000.0,-7.443365695792803,1.376749535999917
A058730,101178.0,69.19575113808799,4.872637020365293
A058850,96895.0,12.61061946902653,1.6796814403473823
A058860,105102.0,-0.16501650165009485,1.4717804890985462
A060980,677329.0,-17.23027375201287,1.791436781044473
A063160,111650.0,-1.8018018018019055,1.891590180737521
A064350,1593750.0,82.22811671087523,5.249431471872657
A064960,685094.0,-24.86659551760938,2.5879012638804326
A066570,17346668.0,-10.776255707762505,2.3557998104595015
A066575,807742.0,-18.049792531120257,1.8799925256078345
A067830,201921.0,-8.085977482088058,1.111722926810207
A068290,119500.0,-19.480519480519565,1.7166046983402892
A068400,219470.0,35.14851485148498,3.1625494630602438
A069260,1003569.0,18.77551020408148,1.7225332711822823
A069460,31476.0,325.8064516129032,7.512995914667049
A069620,1905992.0,15.384615384615309,3.5665806690636717
A069640,153621.0,-20.573770491803288,1.6310363444920053
A069730,75456.0,20.77205882352937,3.5028721565794467
A069960,2445555.0,4.285714285714315,1.9859562404538529
A070960,502993.0,-26.48148148148146,3.83399932498301
A071050,3845093.0,37.46355685131184,2.6850353016909976
A071055,212362.0,27.068723702664688,2.0603069561826737
A071090,44799.0,114.53744493392088,5.263383965647834
A071320,845248.0,-3.0470914127423754,2.1168999419937315
A071840,1626571.0,14.912280701754433,2.0744152579496924
A071950,34307.0,76.83823529411767,5.044673186293483
A071970,113584.0,12.25130890052364,3.9473426796583793
A072130,57994.0,-8.323563892145492,2.153797622172365
A072710,531027.0,-6.666666666666632,1.4518776579535733
A073240,699120.0,14.8496240601504,7.203530781579199
A074610,136788.0,181.45161290322562,9.422855386541036
A075180,144000.0,-12.786002691790044,0.9682651887965006
A075580,108211.0,58.277027027027174,2.9244773395335297
A077500,261301.0,-27.01421800947864,2.4897582266612073
A077970,210531.0,22.85714285714282,5.17042097667136
A078000,116918.0,19.99999999999993,2.2599407807424936
A078520,280387.0,3.4782608695653527,2.616165757555503
A078930,5779337.0,0.6525285481239429,1.6699200483953565
A078935,72999.0,-0.7299270072992803,0.6099795326011629
A079160,1570169.0,8.603667136812486,2.352632168305494
A079430,657129.0,-23.06451612903232,2.558339683130849
A079440,4378800.0,-19.165085388994353,3.007600278348998
A079550,1315600.0,-25.506756756756722,2.6673204708885456
A079660,78402.0,-1.8018018018017612,1.3938686186818074
A079980,348450.0,22.53521126760578,3.0395899491538785
A081000,231198.0,4.9180327868851625,5.305191298182018
A081660,997398.0,52.00000000000002,2.4226731699195976
A082640,1226325.0,1.986754966887383,1.7084846139192145
A082740,256108.0,74.33290978398992,4.098492584868811
A083370,7928.0,0.8000000000000007,0.3424009200369727
A083380,7897.0,0.20000000000000018,0.2280924210589419
A083420,86500.0,17.64705882352939,1.742163430021013
A084010,233405.0,24.10986775178019,2.546350889667847
A084670,87091.0,-6.17151058485822,1.531338552246139
A084680,157035.0,18.518518518518533,2.4982917444811568
A084690,360315.0,-8.333333333333382,1.3100396926116535
A084695,6212.0,-0.29542097488926,1.2125509858469092
A084870,163935.0,-14.409937888198776,1.737490409366301
A085310,100779.0,68.07692307692332,4.854923096883323
A085620,762195.0,4.580152671755755,1.514266429395138
A086280,5100000.0,14.181818181818029,2.687407423971604
A086790,14740952.0,-10.116731517509736,2.242174592164231
A088350,6001542.0,-12.51798561151075,1.6325407367887055
A088790,66595.0,10.922787193973527,1.449176076025429
A088980,2879616.0,8.505467800728962,0.4446930063781466
A089470,216920.0,-1.1764705882352566,2.08353553628635
A089590,931711.0,36.80555555555556,2.6130593943202265
A090080,53675.0,60.750853242320744,6.984765755068306
A090350,173600.0,1.5999999999999792,1.5245497467425202
A090355,4113.0,17.679558011049657,2.6073119889851406
A090370,79599.0,27.925531914893554,5.071435744979166
A090430,17800610.0,9.79133226324227,2.173672961551728
A090435,1752600.0,0.5899705014749124,1.8657356389718347
A091090,196085.0,39.53488372093019,5.480715217312125
A092200,180189.0,-7.960199004975177,1.5591662333088523
A092220,143004.0,-0.37453183520606004,2.2174385151081513
A092230,276714.0,1.9817073170731891,1.1647272718452437
A092440,142788.0,-11.39369277721256,0.8163419967394239
A092780,53991.0,11.650485436893154,1.971112324201743
A093050,915212.0,-9.936908517350195,2.6269475273092087
A093230,44046.0,-10.796915167095221,3.08059079182551
A093240,88632.0,-1.1472275334607374,2.5668769217721867
A093370,937857.0,-6.730769230769207,2.2216785409874906
A094280,145633.0,-11.111111111111127,2.028993060733317
A095570,326351.0,-11.27167630057806,1.4620200147492572
A095720,245464.0,3.4139402560456,1.4981067383874982
A096760,519115.0,2.4360535931789773,3.0473791088163837
A096770,18909208.0,1.234567901234418,1.9253447231603937
A096775,177276.0,-2.554744525547392,1.215350630882959
A097230,351034.0,0.8571428571428896,2.1718717086624455
A097950,4822690.0,-3.908355795148266,1.7731537032377849
A097955,199779.0,-8.064516129032317,1.5101779249556075
A100220,154661.0,-11.392405063291132,2.692401251503603
A100250,167686.0,-3.7414965986395265,0.8985919945743751
A100840,114062.0,-5.642633228840211,1.9555626173242886
A101060,427383.0,-2.622950819672043,1.6770713069347374
A101140,62886.0,-2.8248587570621653,4.7023013754055505
A101530,449855.0,2.5974025974025983,1.4813499541803978
A102260,254946.0,25.66844919786093,1.626626012766968
A102280,149784.0,23.504273504273556,2.3661878404073016
A102460,360555.0,18.518518518518555,3.8075824436078354
A103130,206922.0,-23.662306777645668,2.782052916675023
A103140,1331153.0,-18.932527693857025,2.330219733371856
A103590,164637.0,33.90928725701941,2.3494552828432336
A104700,347678.0,7.557354925775939,2.17921949172022
A105560,26508271.0,-7.765451664025369,1.787260842437704
A105630,1078000.0,-20.676691729323338,1.859308739924401
A105840,83502.0,33.89121338912127,1.9954026407323862
A107590,113091.0,-11.782477341389741,1.617652969678359
A108670,870761.0,-21.10655737704913,1.4629062401200918
A108675,57604.0,-17.946428571428562,0.8659821534799362
A109070,26138.0,165.20051746442425,9.385181296509284
A111110,104800.0,20.87912087912105,1.737544452780589
A111770,1395811.0,-1.2678288431061668,1.8098902023899972
A112610,452886.0,32.10332103321052,2.9745756367168377
A114090,1809278.0,-4.498269896193785,3.1669247375754632
A115390,1498750.0,-6.640625000000011,2.2730845940062694
A117580,165825.0,0.5042016806722893,0.5135759505347075
A118000,75869.0,-13.950762016412742,3.375550708518226
A119650,62270.0,21.020408163265223,2.4071202635582996
A120030,104385.0,70.90909090909084,4.666377866134733
A120110,2269488.0,-21.404303510758815,1.822273993865527
A120115,99643.0,-17.680339462517647,1.3176858590875062
A122900,323849.0,-0.6637168141592431,1.8088786547617954
A123690,277976.0,-4.155124653739617,3.156918749434416
A123700,76464.0,-7.8108941418293725,1.2771285661354321
A123890,690965.0,-14.464534075104297,1.4789057286324745
A126560,445863.0,13.178294573643301,1.5960552626083864
A128820,173478.0,21.97070572569899,3.285229978864827
A128940,6519456.0,-23.927392739273955,2.9305499257324374
A129260,89839.0,19.869706840390755,2.43582613890123
A130660,133334.0,9.136420525657062,2.7108231395523235
A133820,64170.0,61.467889908256645,3.1389651620944923
A134380,128489.0,-5.45144804088592,1.246330953351621
A134790,82400.0,60.332541567695785,4.667378169592355
A136490,366206.0,-0.6389776357826782,1.617177399265713
A138040,2150432.0,-2.9999999999999694,1.7990974020696597
A138250,549245.0,-12.063492063492076,1.5185447515053616
A138490,297920.0,1.6839378238342029,1.667336892648486
A138930,3070310.0,7.411385606874399,1.459182771103035
A139130,1784489.0,6.103286384976436,1.985614325596749
A139480,7554347.0,0.38461538461544986,2.5689949215397814
A140890,30027.0,1.2903225806450758,3.9240710109135657
A140910,17835.0,10.438413361169086,1.3437679279418397
A143210,197863.0,-3.2786885245902453,2.1128664551042013
A144620,139050.0,-0.32414910858996615,4.61985173213543
A145210,23884.0,-2.6058631921823783,5.972085000295695
A145270,42566.0,-0.8999999999999897,1.4891589795682387
A145720,689588.0,33.53658536585367,2.29666483275651
A145990,954894.0,-4.880694143167008,1.805150585556653
A145995,18689.0,-7.414829659318611,1.0637472118643407
A152330,336000.0,6.9696969696970035,1.397484784803016
A153360,27616.0,-3.508771929824561,1.535147727637348
A155660,82720.0,22.429906542056056,2.5466570560211905
A155900,43852.0,-5.892547660311898,0.610707162669161
A159650,15353.0,4.26540284360184,6.367863758235069
A161000,562302.0,-19.36416184971097,2.6709032114862743
A161390,6763579.0,-10.555555555555529,1.945899408284239
A161890,1730566.0,-6.206088992974223,2.213311928792922
A163560,105038.0,-2.220446049250313e-14,1.1831408422581295
A170900,841009.0,4.8387096774192395,3.3560744788169594
A172580,30394.0,13.675213675213648,0.8297228117226145
A175330,943517.0,0.8116883116884521,1.4292705488608768
A180640,1082819.0,18.508997429306074,2.5709703543019375
A18064K,6978.0,3.137254901960884,1.8296626101820639
A181710,1338248.0,-8.045977011494209,2.013376769719482
A183190,362539.0,37.719298245613906,3.573589412156243
A185750,1303153.0,-16.01955275704423,2.1079081281747793
A192400,1617554.0,0.7843137254901933,2.95277371713586
A192530,615793.0,-4.237288135593142,1.4594230092734726
A192820,1175793.0,38.114754098360606,2.528296459784769
A194370,170696.0,7.954545454545392,2.536289886291615
A195870,280500.0,6.3063063063063085,1.9712883995328845
A200880,271636.0,-14.878542510121495,1.5636974054940884
A204210,30446.0,-4.545454545454541,0.8280517175753803
A204320,2897254.0,-28.964401294498366,3.1230251444662063
A207940,24547215.0,-1.1508951406649426,3.4685276215632292
A210540,209792.0,24.111675126903688,4.4916229816315445
A210980,543616.0,-8.985507246376745,1.9562071082032086
A213500,333208.0,29.136690647482055,1.6376262519074785
A214320,1464000.0,-1.5759312320916763,1.7441949935062058
A214330,48044.0,31.256281407035225,3.6928015638387284
A214390,300031.0,0.749063670411898,2.1111563945297096
A214420,312228.0,-1.0526315789474494,2.990520952080093
A226320,995591.0,13.441955193482634,3.653765756532644
A227840,132872.0,4.561403508771877,1.60643511715554
A229640,192630.0,15.559157212317732,1.8509272981315132
A234080,333317.0,14.022988505747236,3.7463370647727507
A241560,3588920.0,-10.206896551724165,1.6061031486854622
A241590,726440.0,-7.368421052631591,3.506092480502996
A248170,159433.0,0.9722222222223742,1.6390522441374702
A249420,459325.0,5.2060737527113154,3.0387882510316144
A251270,16027474.0,-22.651933701657455,2.8646795742504207
A264900,175960.0,-1.0489510489510967,1.5674069676584383
A26490K,7473.0,3.950103950103978,1.687698492165413
A267250,6205201.0,4.796163069544446,2.412500727399465
A267260,1163459.0,-19.743589743589716,3.7144412443760406
A267270,1669094.0,2.542372881355859,3.529043199628005
A267290,170994.0,14.02777777777775,1.509317372820191
A268280,302460.0,2.2375215146300143,1.0021961226839218
A271560,4131251.0,28.36538461538458,2.8697360732504515
A271980,652329.0,-19.046907997184228,3.087062503890618
A272450,795000.0,18.738738738738903,2.179062686166324
A272550,287749.0,-13.689095127610162,1.6144067075852524
A280360,614529.0,19.801980198019752,1.6313318526416196
A281820,422578.0,6.024096385542221,2.615722649571781
A282330,3629620.0,-2.962962962962934,2.993322962038386
A282690,139390.0,21.52466367712995,2.350981283103559
