,u_cd,trd_dt,gicode,u_nm
0,I.005,20171228,A000080,코스피 음식료품
1,I.005,20171228,A000087,코스피 음식료품
2,I.005,20171228,A000890,코스피 음식료품
3,I.005,20171228,A001130,코스피 음식료품
4,I.005,20171228,A001680,코스피 음식료품
5,I.005,20171228,A001685,코스피 음식료품
6,I.005,20171228,A001790,코스피 음식료품
7,I.005,20171228,A001795,코스피 음식료품
8,I.005,20171228,A001799,코스피 음식료품
9,I.005,20171228,A001800,코스피 음식료품
10,I.005,20171228,A002140,코스피 음식료품
11,I.005,20171228,A002270,코스피 음식료품
12,I.005,20171228,A002600,코스피 음식료품
13,I.005,20171228,A003230,코스피 음식료품
14,I.005,20171228,A003680,코스피 음식료품
15,I.005,20171228,A003920,코스피 음식료품
16,I.005,20171228,A003925,코스피 음식료품
17,I.005,20171228,A003960,코스피 음식료품
18,I.005,20171228,A004370,코스피 음식료품
19,I.005,20171228,A004410,코스피 음식료품
20,I.005,20171228,A004415,코스피 음식료품
21,I.005,20171228,A004990,코스피 음식료품
22,I.005,20171228,A00499K,코스피 음식료품
23,I.005,20171228,A005180,코스피 음식료품
24,I.005,20171228,A005300,코스피 음식료품
25,I.005,20171228,A005305,코스피 음식료품
26,I.005,20171228,A005610,코스피 음식료품
27,I.005,20171228,A006090,코스피 음식료품
28,I.005,20171228,A006980,코스피 음식료품
29,I.005,20171228,A007310,코스피 음식료품
30,I.005,20171228,A008040,코스피 음식료품
31,I.005,20171228,A011150,코스피 음식료품
32,I.005,20171228,A011155,코스피 음식료품
33,I.005,20171228,A014710,코스피 음식료품
34,I.005,20171228,A023150,코스피 음식료품
35,I.005,20171228,A027740,코스피 음식료품
36,I.005,20171228,A033920,코스피 음식료품
37,I.005,20171228,A036580,코스피 음식료품
38,I.005,20171228,A049770,코스피 음식료품
39,I.005,20171228,A079660,코스피 음식료품
40,I.005,20171228,A097950,코스피 음식료품
41,I.005,20171228,A097955,코스피 음식료품
42,I.005,20171228,A101530,코스피 음식료품
43,I.005,20171228,A136490,코스피 음식료품
44,I.005,20171228,A145990,코스피 음식료품
45,I.005,20171228,A145995,코스피 음식료품
46,I.005,20171228,A248170,코스피 음식료품
47,I.005,20171228,A264900,코스피 음식료품
48,I.005,20171228,A26490K,코스피 음식료품
49,I.005,20171228,A271560,코스피 음식료품
50,I.005,20171228,A280360,코스피 음식료품
51,I.006,20171228,A000050,"코스피 섬유,의복"
52,I.006,20171228,A000950,"코스피 섬유,의복"
53,I.006,20171228,A001070,"코스피 섬유,의복"
54,I.006,20171228,A001460,"코스피 섬유,의복"
55,I.006,20171228,A001465,"코스피 섬유,의복"
56,I.006,20171228,A001530,"코스피 섬유,의복"
57,I.006,20171228,A002070,"코스피 섬유,의복"
58,I.006,20171228,A003200,"코스피 섬유,의복"
59,I.006,20171228,A003610,"코스피 섬유,의복"
60,I.006,20171228,A005800,"코스피 섬유,의복"
61,I.006,20171228,A005820,"코스피 섬유,의복"
62,I.006,20171228,A007700,"코스피 섬유,의복"
63,I.006,20171228,A007980,"코스피 섬유,의복"
64,I.006,20171228,A008500,"코스피 섬유,의복"
65,I.006,20171228,A009270,"코스피 섬유,의복"
66,I.006,20171228,A009275,"코스피 섬유,의복"
67,I.006,20171228,A011300,"코스피 섬유,의복"
68,I.006,20171228,A014990,"코스피 섬유,의복"
69,I.006,20171228,A016090,"코스피 섬유,의복"
70,I.006,20171228,A020000,"코스피 섬유,의복"
71,I.006,20171228,A084870,"코스피 섬유,의복"
72,I.006,20171228,A090370,"코스피 섬유,의복"
73,I.006,20171228,A093050,"코스피 섬유,의복"
74,I.006,20171228,A093240,"코스피 섬유,의복"
75,I.006,20171228,A102280,"코스피 섬유,의복"
76,I.006,20171228,A105630,"코스피 섬유,의복"
77,I.006,20171228,A111110,"코스피 섬유,의복"
78,I.007,20171228,A001020,"코스피 종이,목재"
79,I.007,20171228,A002200,"코스피 종이,목재"
80,I.007,20171228,A002300,"코스피 종이,목재"
81,I.007,20171228,A002310,"코스피 종이,목재"
82,I.007,20171228,A002820,"코스피 종이,목재"
83,I.007,20171228,A002870,"코스피 종이,목재"
84,I.007,20171228,A004540,"코스피 종이,목재"
85,I.007,20171228,A004545,"코스피 종이,목재"
86,I.007,20171228,A006740,"코스피 종이,목재"
87,I.007,20171228,A008250,"코스피 종이,목재"
88,I.007,20171228,A009200,"코스피 종이,목재"
89,I.007,20171228,A009460,"코스피 종이,목재"
90,I.007,20171228,A009580,"코스피 종이,목재"
91,I.007,20171228,A009770,"코스피 종이,목재"
92,I.007,20171228,A011280,"코스피 종이,목재"
93,I.007,20171228,A012690,"코스피 종이,목재"
94,I.007,20171228,A014160,"코스피 종이,목재"
95,I.007,20171228,A016590,"코스피 종이,목재"
96,I.007,20171228,A025750,"코스피 종이,목재"
97,I.007,20171228,A027970,"코스피 종이,목재"
98,I.007,20171228,A109070,"코스피 종이,목재"
99,I.007,20171228,A213500,"코스피 종이,목재"
100,I.008,20171228,A000390,코스피 화학
101,I.008,20171228,A000860,코스피 화학
102,I.008,20171228,A000880,코스피 화학
103,I.008,20171228,A000885,코스피 화학
104,I.008,20171228,A00088K,코스피 화학
105,I.008,20171228,A001340,코스피 화학
106,I.008,20171228,A001390,코스피 화학
107,I.008,20171228,A001550,코스피 화학
108,I.008,20171228,A001570,코스피 화학
109,I.008,20171228,A002100,코스피 화학
110,I.008,20171228,A002350,코스피 화학
111,I.008,20171228,A002355,코스피 화학
112,I.008,20171228,A002360,코스피 화학
113,I.008,20171228,A002380,코스피 화학
114,I.008,20171228,A002760,코스피 화학
115,I.008,20171228,A002840,코스피 화학
116,I.008,20171228,A002960,코스피 화학
117,I.008,20171228,A003080,코스피 화학
118,I.008,20171228,A003240,코스피 화학
119,I.008,20171228,A003350,코스피 화학
120,I.008,20171228,A003650,코스피 화학
121,I.008,20171228,A003720,코스피 화학
122,I.008,20171228,A003780,코스피 화학
123,I.008,20171228,A003830,코스피 화학
124,I.008,20171228,A004000,코스피 화학
125,I.008,20171228,A004250,코스피 화학
126,I.008,20171228,A004255,코스피 화학
127,I.008,20171228,A004430,코스피 화학
128,I.008,20171228,A004800,코스피 화학
129,I.008,20171228,A004830,코스피 화학
130,I.008,20171228,A004835,코스피 화학
131,I.008,20171228,A004910,코스피 화학
132,I.008,20171228,A005070,코스피 화학
133,I.008,20171228,A005190,코스피 화학
134,I.008,20171228,A005420,코스피 화학
135,I.008,20171228,A005950,코스피 화학
136,I.008,20171228,A006060,코스피 화학
137,I.008,20171228,A006120,코스피 화학
138,I.008,20171228,A006125,코스피 화학
139,I.008,20171228,A006380,코스피 화학
140,I.008,20171228,A006650,코스피 화학
141,I.008,20171228,A006890,코스피 화학
142,I.008,20171228,A007340,코스피 화학
143,I.008,20171228,A007590,코스피 화학
144,I.008,20171228,A007690,코스피 화학
145,I.008,20171228,A008000,코스피 화학
146,I.008,20171228,A008490,코스피 화학
147,I.008,20171228,A008730,코스피 화학
148,I.008,20171228,A009830,코스피 화학
149,I.008,20171228,A009835,코스피 화학
150,I.008,20171228,A010060,코스피 화학
151,I.008,20171228,A010640,코스피 화학
152,I.008,20171228,A010950,코스피 화학
153,I.008,20171228,A010955,코스피 화학
154,I.008,20171228,A011170,코스피 화학
155,I.008,20171228,A011500,코스피 화학
156,I.008,20171228,A011780,코스피 화학
157,I.008,20171228,A011785,코스피 화학
158,I.008,20171228,A011790,코스피 화학
159,I.008,20171228,A012610,코스피 화학
160,I.008,20171228,A014440,코스피 화학
161,I.008,20171228,A014530,코스피 화학
162,I.008,20171228,A014680,코스피 화학
163,I.008,20171228,A014820,코스피 화학
164,I.008,20171228,A014825,코스피 화학
165,I.008,20171228,A014830,코스피 화학
166,I.008,20171228,A015890,코스피 화학
167,I.008,20171228,A023450,코스피 화학
168,I.008,20171228,A024070,코스피 화학
169,I.008,20171228,A024890,코스피 화학
170,I.008,20171228,A025000,코스피 화학
171,I.008,20171228,A025620,코스피 화학
172,I.008,20171228,A025860,코스피 화학
173,I.008,20171228,A035150,코스피 화학
174,I.008,20171228,A051630,코스피 화학
175,I.008,20171228,A051900,코스피 화학
176,I.008,20171228,A051905,코스피 화학
177,I.008,20171228,A051910,코스피 화학
178,I.008,20171228,A051915,코스피 화학
179,I.008,20171228,A055490,코스피 화학
180,I.008,20171228,A069260,코스피 화학
181,I.008,20171228,A073240,코스피 화학
182,I.008,20171228,A078520,코스피 화학
183,I.008,20171228,A079980,코스피 화학
184,I.008,20171228,A081000,코스피 화학
185,I.008,20171228,A083420,코스피 화학
186,I.008,20171228,A089470,코스피 화학
187,I.008,20171228,A090350,코스피 화학
188,I.008,20171228,A090355,코스피 화학
189,I.008,20171228,A090430,코스피 화학
190,I.008,20171228,A090435,코스피 화학
191,I.008,20171228,A093370,코스피 화학
192,I.008,20171228,A108670,코스피 화학
193,I.008,20171228,A108675,코스피 화학
194,I.008,20171228,A115390,코스피 화학
195,I.008,20171228,A120110,코스피 화학
196,I.008,20171228,A120115,코스피 화학
197,I.008,20171228,A134380,코스피 화학
198,I.008,20171228,A138490,코스피 화학
199,I.008,20171228,A144620,코스피 화학
200,I.008,20171228,A161000,코스피 화학
201,I.008,20171228,A161390,코스피 화학
202,I.008,20171228,A161890,코스피 화학
203,I.008,20171228,A163560,코스피 화학
204,I.008,20171228,A192820,코스피 화학
205,I.008,20171228,A214420,코스피 화학
206,I.008,20171228,A268280,코스피 화학
207,I.008,20171228,A272550,코스피 화학
208,I.008,20171228,A282690,코스피 화학
209,I.009,20171228,A000020,코스피 의약품
210,I.009,20171228,A000100,코스피 의약품
211,I.009,20171228,A000105,코스피 의약품
212,I.009,20171228,A000220,코스피 의약품
213,I.009,20171228,A000225,코스피 의약품
214,I.009,20171228,A000227,코스피 의약품
215,I.009,20171228,A000520,코스피 의약품
216,I.009,20171228,A001060,코스피 의약품
217,I.009,20171228,A001065,코스피 의약품
218,I.009,20171228,A001067,코스피 의약품
219,I.009,20171228,A001360,코스피 의약품
220,I.009,20171228,A002210,코스피 의약품
221,I.009,20171228,A002250,코스피 의약품
222,I.009,20171228,A002390,코스피 의약품
223,I.009,20171228,A002630,코스피 의약품
224,I.009,20171228,A002720,코스피 의약품
225,I.009,20171228,A003000,코스피 의약품
226,I.009,20171228,A003060,코스피 의약품
227,I.009,20171228,A003120,코스피 의약품
228,I.009,20171228,A003220,코스피 의약품
229,I.009,20171228,A003520,코스피 의약품
230,I.009,20171228,A003850,코스피 의약품
231,I.009,20171228,A004310,코스피 의약품
232,I.009,20171228,A004720,코스피 의약품
233,I.009,20171228,A005500,코스피 의약품
234,I.009,20171228,A005690,코스피 의약품
235,I.009,20171228,A006280,코스피 의약품
236,I.009,20171228,A007570,코스피 의약품
237,I.009,20171228,A007575,코스피 의약품
238,I.009,20171228,A009290,코스피 의약품
239,I.009,20171228,A009420,코스피 의약품
240,I.009,20171228,A011000,코스피 의약품
241,I.009,20171228,A016580,코스피 의약품
242,I.009,20171228,A017180,코스피 의약품
243,I.009,20171228,A019170,코스피 의약품
244,I.009,20171228,A019175,코스피 의약품
245,I.009,20171228,A033270,코스피 의약품
246,I.009,20171228,A063160,코스피 의약품
247,I.009,20171228,A069620,코스피 의약품
248,I.009,20171228,A102460,코스피 의약품
249,I.009,20171228,A128940,코스피 의약품
250,I.009,20171228,A170900,코스피 의약품
251,I.009,20171228,A185750,코스피 의약품
252,I.009,20171228,A207940,코스피 의약품
253,I.009,20171228,A214390,코스피 의약품
254,I.009,20171228,A234080,코스피 의약품
255,I.009,20171228,A249420,코스피 의약품
256,I.009,20171228,A271980,코스피 의약품
257,I.010,20171228,A000480,코스피 비금속광물
258,I.010,20171228,A000910,코스피 비금속광물
259,I.010,20171228,A001520,코스피 비금속광물
260,I.010,20171228,A001525,코스피 비금속광물
261,I.010,20171228,A001527,코스피 비금속광물
262,I.010,20171228,A001529,코스피 비금속광물
263,I.010,20171228,A001560,코스피 비금속광물
264,I.010,20171228,A002000,코스피 비금속광물
265,I.010,20171228,A002005,코스피 비금속광물
266,I.010,20171228,A003300,코스피 비금속광물
267,I.010,20171228,A003410,코스피 비금속광물
268,I.010,20171228,A003415,코스피 비금속광물
269,I.010,20171228,A004090,코스피 비금속광물
270,I.010,20171228,A004440,코스피 비금속광물
271,I.010,20171228,A004980,코스피 비금속광물
272,I.010,20171228,A004985,코스피 비금속광물
273,I.010,20171228,A004987,코스피 비금속광물
274,I.010,20171228,A004989,코스피 비금속광물
275,I.010,20171228,A005090,코스피 비금속광물
276,I.010,20171228,A005750,코스피 비금속광물
277,I.010,20171228,A006390,코스피 비금속광물
278,I.010,20171228,A007210,코스피 비금속광물
279,I.010,20171228,A008870,코스피 비금속광물
280,I.010,20171228,A010040,코스피 비금속광물
281,I.010,20171228,A010780,코스피 비금속광물
282,I.010,20171228,A011390,코스피 비금속광물
283,I.010,20171228,A014580,코스피 비금속광물
284,I.010,20171228,A047400,코스피 비금속광물
285,I.010,20171228,A152330,코스피 비금속광물
286,I.010,20171228,A183190,코스피 비금속광물
287,I.011,20171228,A000670,코스피 철강및금속
288,I.011,20171228,A000970,코스피 철강및금속
289,I.011,20171228,A001080,코스피 철강및금속
290,I.011,20171228,A001230,코스피 철강및금속
291,I.011,20171228,A001430,코스피 철강및금속
292,I.011,20171228,A001770,코스피 철강및금속
293,I.011,20171228,A001780,코스피 철강및금속
294,I.011,20171228,A002220,코스피 철강및금속
295,I.011,20171228,A002240,코스피 철강및금속
296,I.011,20171228,A002690,코스피 철강및금속
297,I.011,20171228,A002710,코스피 철강및금속
298,I.011,20171228,A003030,코스피 철강및금속
299,I.011,20171228,A004020,코스피 철강및금속
300,I.011,20171228,A004560,코스피 철강및금속
301,I.011,20171228,A004565,코스피 철강및금속
302,I.011,20171228,A004890,코스피 철강및금속
303,I.011,20171228,A005010,코스피 철강및금속
304,I.011,20171228,A005490,코스피 철강및금속
305,I.011,20171228,A006110,코스피 철강및금속
306,I.011,20171228,A007280,코스피 철강및금속
307,I.011,20171228,A008260,코스피 철강및금속
308,I.011,20171228,A008350,코스피 철강및금속
309,I.011,20171228,A008355,코스피 철강및금속
310,I.011,20171228,A008420,코스피 철강및금속
311,I.011,20171228,A008970,코스피 철강및금속
312,I.011,20171228,A009190,코스피 철강및금속
313,I.011,20171228,A010130,코스피 철강및금속
314,I.011,20171228,A012160,코스피 철강및금속
315,I.011,20171228,A012800,코스피 철강및금속
316,I.011,20171228,A014280,코스피 철강및금속
317,I.011,20171228,A014285,코스피 철강및금속
318,I.011,20171228,A016380,코스피 철강및금속
319,I.011,20171228,A016385,코스피 철강및금속
320,I.011,20171228,A018470,코스피 철강및금속
321,I.011,20171228,A019440,코스피 철강및금속
322,I.011,20171228,A021050,코스피 철강및금속
323,I.011,20171228,A024090,코스피 철강및금속
324,I.011,20171228,A025820,코스피 철강및금속
325,I.011,20171228,A026940,코스피 철강및금속
326,I.011,20171228,A032560,코스피 철강및금속
327,I.011,20171228,A058430,코스피 철강및금속
328,I.011,20171228,A069460,코스피 철강및금속
329,I.011,20171228,A069730,코스피 철강및금속
330,I.011,20171228,A071090,코스피 철강및금속
331,I.011,20171228,A084010,코스피 철강및금속
332,I.011,20171228,A103140,코스피 철강및금속
333,I.011,20171228,A104700,코스피 철강및금속
334,I.011,20171228,A133820,코스피 철강및금속
335,I.011,20171228,A155660,코스피 철강및금속
336,I.012,20171228,A000490,코스피 기계
337,I.012,20171228,A000850,코스피 기계
338,I.012,20171228,A002900,코스피 기계
339,I.012,20171228,A004380,코스피 기계
340,I.012,20171228,A004450,코스피 기계
341,I.012,20171228,A006570,코스피 기계
342,I.012,20171228,A007460,코스피 기계
343,I.012,20171228,A009160,코스피 기계
344,I.012,20171228,A009310,코스피 기계
345,I.012,20171228,A010660,코스피 기계
346,I.012,20171228,A010820,코스피 기계
347,I.012,20171228,A011700,코스피 기계
348,I.012,20171228,A012200,코스피 기계
349,I.012,20171228,A012205,코스피 기계
350,I.012,20171228,A012600,코스피 기계
351,I.012,20171228,A015590,코스피 기계
352,I.012,20171228,A017370,코스피 기계
353,I.012,20171228,A017550,코스피 기계
354,I.012,20171228,A017800,코스피 기계
355,I.012,20171228,A017960,코스피 기계
356,I.012,20171228,A018880,코스피 기계
357,I.012,20171228,A025890,코스피 기계
358,I.012,20171228,A034020,코스피 기계
359,I.012,20171228,A042670,코스피 기계
360,I.012,20171228,A042700,코스피 기계
361,I.012,20171228,A049800,코스피 기계
362,I.012,20171228,A058730,코스피 기계
363,I.012,20171228,A071970,코스피 기계
364,I.012,20171228,A074610,코스피 기계
365,I.012,20171228,A077970,코스피 기계
366,I.012,20171228,A079550,코스피 기계
367,I.012,20171228,A082740,코스피 기계
368,I.012,20171228,A085310,코스피 기계
369,I.012,20171228,A091090,코스피 기계
370,I.012,20171228,A092440,코스피 기계
371,I.012,20171228,A100840,코스피 기계
372,I.012,20171228,A112610,코스피 기계
373,I.012,20171228,A119650,코스피 기계
374,I.012,20171228,A120030,코스피 기계
375,I.012,20171228,A145210,코스피 기계
376,I.012,20171228,A210540,코스피 기계
377,I.012,20171228,A267270,코스피 기계
378,I.013,20171228,A000500,"코스피 전기,전자"
379,I.013,20171228,A000660,"코스피 전기,전자"
380,I.013,20171228,A000990,"코스피 전기,전자"
381,I.013,20171228,A000995,"코스피 전기,전자"
382,I.013,20171228,A001210,"코스피 전기,전자"
383,I.013,20171228,A001440,"코스피 전기,전자"
384,I.013,20171228,A001820,"코스피 전기,전자"
385,I.013,20171228,A004130,"코스피 전기,전자"
386,I.013,20171228,A004135,"코스피 전기,전자"
387,I.013,20171228,A004490,"코스피 전기,전자"
388,I.013,20171228,A004710,"코스피 전기,전자"
389,I.013,20171228,A004770,"코스피 전기,전자"
390,I.013,20171228,A004870,"코스피 전기,전자"
391,I.013,20171228,A005680,"코스피 전기,전자"
392,I.013,20171228,A005870,"코스피 전기,전자"
393,I.013,20171228,A005930,"코스피 전기,전자"
394,I.013,20171228,A005935,"코스피 전기,전자"
395,I.013,20171228,A006340,"코스피 전기,전자"
396,I.013,20171228,A006345,"코스피 전기,전자"
397,I.013,20171228,A006400,"코스피 전기,전자"
398,I.013,20171228,A006405,"코스피 전기,전자"
399,I.013,20171228,A007610,"코스피 전기,전자"
400,I.013,20171228,A007630,"코스피 전기,전자"
401,I.013,20171228,A007660,"코스피 전기,전자"
402,I.013,20171228,A007810,"코스피 전기,전자"
403,I.013,20171228,A007815,"코스피 전기,전자"
404,I.013,20171228,A00781K,"코스피 전기,전자"
405,I.013,20171228,A008060,"코스피 전기,전자"
406,I.013,20171228,A008110,"코스피 전기,전자"
407,I.013,20171228,A008700,"코스피 전기,전자"
408,I.013,20171228,A009140,"코스피 전기,전자"
409,I.013,20171228,A009150,"코스피 전기,전자"
410,I.013,20171228,A009155,"코스피 전기,전자"
411,I.013,20171228,A009450,"코스피 전기,전자"
412,I.013,20171228,A009470,"코스피 전기,전자"
413,I.013,20171228,A010120,"코스피 전기,전자"
414,I.013,20171228,A011070,"코스피 전기,전자"
415,I.013,20171228,A011230,"코스피 전기,전자"
416,I.013,20171228,A011690,"코스피 전기,전자"
417,I.013,20171228,A011930,"코스피 전기,전자"
418,I.013,20171228,A014910,"코스피 전기,전자"
419,I.013,20171228,A014915,"코스피 전기,전자"
420,I.013,20171228,A015260,"코스피 전기,전자"
421,I.013,20171228,A017040,"코스피 전기,전자"
422,I.013,20171228,A017900,"코스피 전기,전자"
423,I.013,20171228,A019180,"코스피 전기,전자"
424,I.013,20171228,A019490,"코스피 전기,전자"
425,I.013,20171228,A020150,"코스피 전기,전자"
426,I.013,20171228,A020760,"코스피 전기,전자"
427,I.013,20171228,A025540,"코스피 전기,전자"
428,I.013,20171228,A026890,"코스피 전기,전자"
429,I.013,20171228,A029530,"코스피 전기,전자"
430,I.013,20171228,A033180,"코스피 전기,전자"
431,I.013,20171228,A033240,"코스피 전기,전자"
432,I.013,20171228,A034220,"코스피 전기,전자"
433,I.013,20171228,A044380,"코스피 전기,전자"
434,I.013,20171228,A066570,"코스피 전기,전자"
435,I.013,20171228,A066575,"코스피 전기,전자"
436,I.013,20171228,A092220,"코스피 전기,전자"
437,I.013,20171228,A103130,"코스피 전기,전자"
438,I.013,20171228,A103590,"코스피 전기,전자"
439,I.013,20171228,A192400,"코스피 전기,전자"
440,I.013,20171228,A195870,"코스피 전기,전자"
441,I.013,20171228,A267260,"코스피 전기,전자"
442,I.014,20171228,A003160,코스피 의료정밀
443,I.014,20171228,A025560,코스피 의료정밀
444,I.014,20171228,A029460,코스피 의료정밀
445,I.014,20171228,A105840,코스피 의료정밀
446,I.014,20171228,A145720,코스피 의료정밀
447,I.014,20171228,A281820,코스피 의료정밀
448,I.015,20171228,A000040,코스피 운수장비
449,I.015,20171228,A000270,코스피 운수장비
450,I.015,20171228,A000300,코스피 운수장비
451,I.015,20171228,A000430,코스피 운수장비
452,I.015,20171228,A001380,코스피 운수장비
453,I.015,20171228,A001420,코스피 운수장비
454,I.015,20171228,A001620,코스피 운수장비
455,I.015,20171228,A002880,코스피 운수장비
456,I.015,20171228,A002920,코스피 운수장비
457,I.015,20171228,A003570,코스피 운수장비
458,I.015,20171228,A003620,코스피 운수장비
459,I.015,20171228,A004100,코스피 운수장비
460,I.015,20171228,A004105,코스피 운수장비
461,I.015,20171228,A005030,코스피 운수장비
462,I.015,20171228,A005380,코스피 운수장비
463,I.015,20171228,A005385,코스피 운수장비
464,I.015,20171228,A005387,코스피 운수장비
465,I.015,20171228,A005389,코스피 운수장비
466,I.015,20171228,A005850,코스피 운수장비
467,I.015,20171228,A006660,코스피 운수장비
468,I.015,20171228,A009320,코스피 운수장비
469,I.015,20171228,A009540,코스피 운수장비
470,I.015,20171228,A009680,코스피 운수장비
471,I.015,20171228,A010100,코스피 운수장비
472,I.015,20171228,A010140,코스피 운수장비
473,I.015,20171228,A010145,코스피 운수장비
474,I.015,20171228,A010580,코스피 운수장비
475,I.015,20171228,A010620,코스피 운수장비
476,I.015,20171228,A010690,코스피 운수장비
477,I.015,20171228,A011210,코스피 운수장비
478,I.015,20171228,A012280,코스피 운수장비
479,I.015,20171228,A012330,코스피 운수장비
480,I.015,20171228,A012450,코스피 운수장비
481,I.015,20171228,A013520,코스피 운수장비
482,I.015,20171228,A013870,코스피 운수장비
483,I.015,20171228,A015230,코스피 운수장비
484,I.015,20171228,A016740,코스피 운수장비
485,I.015,20171228,A018500,코스피 운수장비
486,I.015,20171228,A021820,코스피 운수장비
487,I.015,20171228,A023000,코스피 운수장비
488,I.015,20171228,A023800,코스피 운수장비
489,I.015,20171228,A023810,코스피 운수장비
490,I.015,20171228,A024900,코스피 운수장비
491,I.015,20171228,A033250,코스피 운수장비
492,I.015,20171228,A033530,코스피 운수장비
493,I.015,20171228,A041650,코스피 운수장비
494,I.015,20171228,A042660,코스피 운수장비
495,I.015,20171228,A047810,코스피 운수장비
496,I.015,20171228,A064350,코스피 운수장비
497,I.015,20171228,A064960,코스피 운수장비
498,I.015,20171228,A075180,코스피 운수장비
499,I.015,20171228,A075580,코스피 운수장비
500,I.015,20171228,A090080,코스피 운수장비
501,I.015,20171228,A092200,코스피 운수장비
502,I.015,20171228,A092780,코스피 운수장비
503,I.015,20171228,A123700,코스피 운수장비
504,I.015,20171228,A143210,코스피 운수장비
505,I.015,20171228,A200880,코스피 운수장비
506,I.015,20171228,A204320,코스피 운수장비
507,I.015,20171228,A214330,코스피 운수장비
508,I.016,20171228,A000680,코스피 유통업
509,I.016,20171228,A000760,코스피 유통업
510,I.016,20171228,A001120,코스피 유통업
511,I.016,20171228,A001250,코스피 유통업
512,I.016,20171228,A001740,코스피 유통업
513,I.016,20171228,A001745,코스피 유통업
514,I.016,20171228,A002700,코스피 유통업
515,I.016,20171228,A002810,코스피 유통업
516,I.016,20171228,A003010,코스피 유통업
517,I.016,20171228,A004060,코스피 유통업
518,I.016,20171228,A004080,코스피 유통업
519,I.016,20171228,A004170,코스피 유통업
520,I.016,20171228,A004270,코스피 유통업
521,I.016,20171228,A005110,코스피 유통업
522,I.016,20171228,A005320,코스피 유통업
523,I.016,20171228,A005360,코스피 유통업
524,I.016,20171228,A005390,코스피 유통업
525,I.016,20171228,A005440,코스피 유통업
526,I.016,20171228,A006370,코스피 유통업
527,I.016,20171228,A007070,코스피 유통업
528,I.016,20171228,A007110,코스피 유통업
529,I.016,20171228,A008600,코스피 유통업
530,I.016,20171228,A008770,코스피 유통업
531,I.016,20171228,A008775,코스피 유통업
532,I.016,20171228,A009240,코스피 유통업
533,I.016,20171228,A009810,코스피 유통업
534,I.016,20171228,A010420,코스피 유통업
535,I.016,20171228,A010600,코스피 유통업
536,I.016,20171228,A011760,코스피 유통업
537,I.016,20171228,A011810,코스피 유통업
538,I.016,20171228,A012170,코스피 유통업
539,I.016,20171228,A013000,코스피 유통업
540,I.016,20171228,A017940,코스피 유통업
541,I.016,20171228,A018670,코스피 유통업
542,I.016,20171228,A023530,코스피 유통업
543,I.016,20171228,A026960,코스피 유통업
544,I.016,20171228,A027390,코스피 유통업
545,I.016,20171228,A027410,코스피 유통업
546,I.016,20171228,A028260,코스피 유통업
547,I.016,20171228,A02826K,코스피 유통업
548,I.016,20171228,A031430,코스피 유통업
549,I.016,20171228,A037710,코스피 유통업
550,I.016,20171228,A047050,코스피 유통업
551,I.016,20171228,A057050,코스피 유통업
552,I.016,20171228,A067830,코스피 유통업
553,I.016,20171228,A069640,코스피 유통업
554,I.016,20171228,A069960,코스피 유통업
555,I.016,20171228,A071840,코스피 유통업
556,I.016,20171228,A077500,코스피 유통업
557,I.016,20171228,A081660,코스피 유통업
558,I.016,20171228,A088790,코스피 유통업
559,I.016,20171228,A093230,코스피 유통업
560,I.016,20171228,A101140,코스피 유통업
561,I.016,20171228,A111770,코스피 유통업
562,I.016,20171228,A118000,코스피 유통업
563,I.016,20171228,A122900,코스피 유통업
564,I.016,20171228,A123690,코스피 유통업
565,I.016,20171228,A128820,코스피 유통업
566,I.016,20171228,A138250,코스피 유통업
567,I.016,20171228,A139480,코스피 유통업
568,I.016,20171228,A226320,코스피 유통업
569,I.016,20171228,A227840,코스피 유통업
570,I.016,20171228,A282330,코스피 유통업
571,I.017,20171228,A004690,코스피 전기가스업
572,I.017,20171228,A015350,코스피 전기가스업
573,I.017,20171228,A015360,코스피 전기가스업
574,I.017,20171228,A015760,코스피 전기가스업
575,I.017,20171228,A017390,코스피 전기가스업
576,I.017,20171228,A034590,코스피 전기가스업
577,I.017,20171228,A036460,코스피 전기가스업
578,I.017,20171228,A071320,코스피 전기가스업
579,I.017,20171228,A117580,코스피 전기가스업
580,I.017,20171228,A267290,코스피 전기가스업
581,I.018,20171228,A000210,코스피 건설업
582,I.018,20171228,A000215,코스피 건설업
583,I.018,20171228,A000720,코스피 건설업
584,I.018,20171228,A000725,코스피 건설업
585,I.018,20171228,A001260,코스피 건설업
586,I.018,20171228,A001470,코스피 건설업
587,I.018,20171228,A001880,코스피 건설업
588,I.018,20171228,A002410,코스피 건설업
589,I.018,20171228,A002460,코스피 건설업
590,I.018,20171228,A002780,코스피 건설업
591,I.018,20171228,A002785,코스피 건설업
592,I.018,20171228,A002787,코스피 건설업
593,I.018,20171228,A002990,코스피 건설업
594,I.018,20171228,A002995,코스피 건설업
595,I.018,20171228,A003070,코스피 건설업
596,I.018,20171228,A003075,코스피 건설업
597,I.018,20171228,A004200,코스피 건설업
598,I.018,20171228,A004960,코스피 건설업
599,I.018,20171228,A005450,코스피 건설업
600,I.018,20171228,A005960,코스피 건설업
601,I.018,20171228,A005965,코스피 건설업
602,I.018,20171228,A005980,코스피 건설업
603,I.018,20171228,A006360,코스피 건설업
604,I.018,20171228,A009410,코스피 건설업
605,I.018,20171228,A009415,코스피 건설업
606,I.018,20171228,A010960,코스피 건설업
607,I.018,20171228,A011160,코스피 건설업
608,I.018,20171228,A012630,코스피 건설업
609,I.018,20171228,A013360,코스피 건설업
610,I.018,20171228,A013367,코스피 건설업
611,I.018,20171228,A013580,코스피 건설업
612,I.018,20171228,A013700,코스피 건설업
613,I.018,20171228,A014790,코스피 건설업
614,I.018,20171228,A023960,코스피 건설업
615,I.018,20171228,A028100,코스피 건설업
616,I.018,20171228,A034300,코스피 건설업
617,I.018,20171228,A039570,코스피 건설업
618,I.018,20171228,A047040,코스피 건설업
619,I.018,20171228,A051600,코스피 건설업
620,I.018,20171228,A097230,코스피 건설업
621,I.019,20171228,A000120,코스피 운수창고
622,I.019,20171228,A000650,코스피 운수창고
623,I.019,20171228,A001140,코스피 운수창고
624,I.019,20171228,A002320,코스피 운수창고
625,I.019,20171228,A003280,코스피 운수창고
626,I.019,20171228,A003490,코스피 운수창고
627,I.019,20171228,A003495,코스피 운수창고
628,I.019,20171228,A004140,코스피 운수창고
629,I.019,20171228,A004360,코스피 운수창고
630,I.019,20171228,A004365,코스피 운수창고
631,I.019,20171228,A005430,코스피 운수창고
632,I.019,20171228,A005880,코스피 운수창고
633,I.019,20171228,A009070,코스피 운수창고
634,I.019,20171228,A009180,코스피 운수창고
635,I.019,20171228,A011200,코스피 운수창고
636,I.019,20171228,A014130,코스피 운수창고
637,I.019,20171228,A020560,코스피 운수창고
638,I.019,20171228,A028670,코스피 운수창고
639,I.019,20171228,A044450,코스피 운수창고
640,I.019,20171228,A084670,코스피 운수창고
641,I.019,20171228,A086280,코스피 운수창고
642,I.019,20171228,A089590,코스피 운수창고
643,I.019,20171228,A129260,코스피 운수창고
644,I.019,20171228,A272450,코스피 운수창고
645,I.020,20171228,A006490,코스피 통신업
646,I.020,20171228,A017670,코스피 통신업
647,I.020,20171228,A030200,코스피 통신업
648,I.020,20171228,A032640,코스피 통신업
649,I.021,20171228,A000030,코스피 금융업
650,I.021,20171228,A000060,코스피 금융업
651,I.021,20171228,A000070,코스피 금융업
652,I.021,20171228,A000075,코스피 금융업
653,I.021,20171228,A000140,코스피 금융업
654,I.021,20171228,A000145,코스피 금융업
655,I.021,20171228,A000230,코스피 금융업
656,I.021,20171228,A000240,코스피 금융업
657,I.021,20171228,A000320,코스피 금융업
658,I.021,20171228,A000325,코스피 금융업
659,I.021,20171228,A000370,코스피 금융업
660,I.021,20171228,A000400,코스피 금융업
661,I.021,20171228,A000540,코스피 금융업
662,I.021,20171228,A000545,코스피 금융업
663,I.021,20171228,A000547,코스피 금융업
664,I.021,20171228,A000590,코스피 금융업
665,I.021,20171228,A000640,코스피 금융업
666,I.021,20171228,A000810,코스피 금융업
667,I.021,20171228,A000815,코스피 금융업
668,I.021,20171228,A001040,코스피 금융업
669,I.021,20171228,A001045,코스피 금융업
670,I.021,20171228,A001200,코스피 금융업
671,I.021,20171228,A001270,코스피 금융업
672,I.021,20171228,A001275,코스피 금융업
673,I.021,20171228,A001290,코스피 금융업
674,I.021,20171228,A001450,코스피 금융업
675,I.021,20171228,A001500,코스피 금융업
676,I.021,20171228,A001510,코스피 금융업
677,I.021,20171228,A001515,코스피 금융업
678,I.021,20171228,A001630,코스피 금융업
679,I.021,20171228,A001720,코스피 금융업
680,I.021,20171228,A001725,코스피 금융업
681,I.021,20171228,A001750,코스피 금융업
682,I.021,20171228,A001755,코스피 금융업
683,I.021,20171228,A001940,코스피 금융업
684,I.021,20171228,A002020,코스피 금융업
685,I.021,20171228,A002025,코스피 금융업
686,I.021,20171228,A002790,코스피 금융업
687,I.021,20171228,A002795,코스피 금융업
688,I.021,20171228,A003090,코스피 금융업
689,I.021,20171228,A003460,코스피 금융업
690,I.021,20171228,A003465,코스피 금융업
691,I.021,20171228,A003470,코스피 금융업
692,I.021,20171228,A003475,코스피 금융업
693,I.021,20171228,A003480,코스피 금융업
694,I.021,20171228,A003530,코스피 금융업
695,I.021,20171228,A003535,코스피 금융업
696,I.021,20171228,A003540,코스피 금융업
697,I.021,20171228,A003545,코스피 금융업
698,I.021,20171228,A003547,코스피 금융업
699,I.021,20171228,A003550,코스피 금융업
700,I.021,20171228,A003555,코스피 금융업
701,I.021,20171228,A003690,코스피 금융업
702,I.021,20171228,A004150,코스피 금융업
703,I.021,20171228,A004840,코스피 금융업
704,I.021,20171228,A005720,코스피 금융업
705,I.021,20171228,A005725,코스피 금융업
706,I.021,20171228,A005740,코스피 금융업
707,I.021,20171228,A005745,코스피 금융업
708,I.021,20171228,A005810,코스피 금융업
709,I.021,20171228,A005830,코스피 금융업
710,I.021,20171228,A005940,코스피 금융업
711,I.021,20171228,A005945,코스피 금융업
712,I.021,20171228,A006200,코스피 금융업
713,I.021,20171228,A006220,코스피 금융업
714,I.021,20171228,A006260,코스피 금융업
715,I.021,20171228,A006800,코스피 금융업
716,I.021,20171228,A006805,코스피 금융업
717,I.021,20171228,A006840,코스피 금융업
718,I.021,20171228,A006880,코스피 금융업
719,I.021,20171228,A007540,코스피 금융업
720,I.021,20171228,A007860,코스피 금융업
721,I.021,20171228,A008560,코스피 금융업
722,I.021,20171228,A008930,코스피 금융업
723,I.021,20171228,A009440,코스피 금융업
724,I.021,20171228,A009970,코스피 금융업
725,I.021,20171228,A010050,코스피 금융업
726,I.021,20171228,A010770,코스피 금융업
727,I.021,20171228,A012320,코스피 금융업
728,I.021,20171228,A013570,코스피 금융업
729,I.021,20171228,A015860,코스피 금융업
730,I.021,20171228,A016360,코스피 금융업
731,I.021,20171228,A016450,코스피 금융업
732,I.021,20171228,A016610,코스피 금융업
733,I.021,20171228,A016880,코스피 금융업
734,I.021,20171228,A017810,코스피 금융업
735,I.021,20171228,A024110,코스피 금융업
736,I.021,20171228,A024720,코스피 금융업
737,I.021,20171228,A025530,코스피 금융업
738,I.021,20171228,A029780,코스피 금융업
739,I.021,20171228,A030210,코스피 금융업
740,I.021,20171228,A030610,코스피 금융업
741,I.021,20171228,A032830,코스피 금융업
742,I.021,20171228,A033660,코스피 금융업
743,I.021,20171228,A034310,코스피 금융업
744,I.021,20171228,A034730,코스피 금융업
745,I.021,20171228,A03473K,코스피 금융업
746,I.021,20171228,A034830,코스피 금융업
747,I.021,20171228,A036530,코스피 금융업
748,I.021,20171228,A039490,코스피 금융업
749,I.021,20171228,A044820,코스피 금융업
750,I.021,20171228,A055550,코스피 금융업
751,I.021,20171228,A058650,코스피 금융업
752,I.021,20171228,A060980,코스피 금융업
753,I.021,20171228,A071050,코스피 금융업
754,I.021,20171228,A071055,코스피 금융업
755,I.021,20171228,A072710,코스피 금융업
756,I.021,20171228,A078930,코스피 금융업
757,I.021,20171228,A078935,코스피 금융업
758,I.021,20171228,A079440,코스피 금융업
759,I.021,20171228,A082640,코스피 금융업
760,I.021,20171228,A084690,코스피 금융업
761,I.021,20171228,A084695,코스피 금융업
762,I.021,20171228,A085620,코스피 금융업
763,I.021,20171228,A086790,코스피 금융업
764,I.021,20171228,A088350,코스피 금융업
765,I.021,20171228,A088980,코스피 금융업
766,I.021,20171228,A092230,코스피 금융업
767,I.021,20171228,A096760,코스피 금융업
768,I.021,20171228,A096770,코스피 금융업
769,I.021,20171228,A096775,코스피 금융업
770,I.021,20171228,A100250,코스피 금융업
771,I.021,20171228,A101060,코스피 금융업
772,I.021,20171228,A105560,코스피 금융업
773,I.021,20171228,A107590,코스피 금융업
774,I.021,20171228,A123890,코스피 금융업
775,I.021,20171228,A138040,코스피 금융업
776,I.021,20171228,A138930,코스피 금융업
777,I.021,20171228,A139130,코스피 금융업
778,I.021,20171228,A175330,코스피 금융업
779,I.021,20171228,A180640,코스피 금융업
780,I.021,20171228,A18064K,코스피 금융업
781,I.021,20171228,A192530,코스피 금융업
782,I.021,20171228,A229640,코스피 금융업
783,I.021,20171228,A241560,코스피 금융업
784,I.021,20171228,A241590,코스피 금융업
785,I.021,20171228,A267250,코스피 금융업
786,I.022,20171228,A000030,코스피 은행
787,I.022,20171228,A006220,코스피 은행
788,I.022,20171228,A024110,코스피 은행
789,I.022,20171228,A192530,코스피 은행
790,I.024,20171228,A001200,코스피 증권
791,I.024,20171228,A001270,코스피 증권
792,I.024,20171228,A001275,코스피 증권
793,I.024,20171228,A001290,코스피 증권
794,I.024,20171228,A001500,코스피 증권
795,I.024,20171228,A001510,코스피 증권
796,I.024,20171228,A001515,코스피 증권
797,I.024,20171228,A001720,코스피 증권
798,I.024,20171228,A001725,코스피 증권
799,I.024,20171228,A001750,코스피 증권
800,I.024,20171228,A001755,코스피 증권
801,I.024,20171228,A003460,코스피 증권
802,I.024,20171228,A003465,코스피 증권
803,I.024,20171228,A003470,코스피 증권
804,I.024,20171228,A003475,코스피 증권
805,I.024,20171228,A003530,코스피 증권
806,I.024,20171228,A003535,코스피 증권
807,I.024,20171228,A003540,코스피 증권
808,I.024,20171228,A003545,코스피 증권
809,I.024,20171228,A003547,코스피 증권
810,I.024,20171228,A005940,코스피 증권
811,I.024,20171228,A005945,코스피 증권
812,I.024,20171228,A006800,코스피 증권
813,I.024,20171228,A006805,코스피 증권
814,I.024,20171228,A008560,코스피 증권
815,I.024,20171228,A016360,코스피 증권
816,I.024,20171228,A016610,코스피 증권
817,I.024,20171228,A030210,코스피 증권
818,I.024,20171228,A030610,코스피 증권
819,I.024,20171228,A039490,코스피 증권
820,I.025,20171228,A000060,코스피 보험
821,I.025,20171228,A000370,코스피 보험
822,I.025,20171228,A000400,코스피 보험
823,I.025,20171228,A000540,코스피 보험
824,I.025,20171228,A000545,코스피 보험
825,I.025,20171228,A000547,코스피 보험
826,I.025,20171228,A000810,코스피 보험
827,I.025,20171228,A000815,코스피 보험
828,I.025,20171228,A001450,코스피 보험
829,I.025,20171228,A003690,코스피 보험
830,I.025,20171228,A005830,코스피 보험
831,I.025,20171228,A032830,코스피 보험
832,I.025,20171228,A079440,코스피 보험
833,I.025,20171228,A082640,코스피 보험
834,I.025,20171228,A085620,코스피 보험
835,I.025,20171228,A088350,코스피 보험
836,I.026,20171228,A000150,코스피 서비스업
837,I.026,20171228,A000155,코스피 서비스업
838,I.026,20171228,A000157,코스피 서비스업
839,I.026,20171228,A000180,코스피 서비스업
840,I.026,20171228,A000700,코스피 서비스업
841,I.026,20171228,A002030,코스피 서비스업
842,I.026,20171228,A002150,코스피 서비스업
843,I.026,20171228,A002420,코스피 서비스업
844,I.026,20171228,A002620,코스피 서비스업
845,I.026,20171228,A003560,코스피 서비스업
846,I.026,20171228,A005250,코스피 서비스업
847,I.026,20171228,A005257,코스피 서비스업
848,I.026,20171228,A007120,코스피 서비스업
849,I.026,20171228,A011420,코스피 서비스업
850,I.026,20171228,A012030,코스피 서비스업
851,I.026,20171228,A012510,코스피 서비스업
852,I.026,20171228,A012750,코스피 서비스업
853,I.026,20171228,A015020,코스피 서비스업
854,I.026,20171228,A015540,코스피 서비스업
855,I.026,20171228,A016710,코스피 서비스업
856,I.026,20171228,A018260,코스피 서비스업
857,I.026,20171228,A019680,코스피 서비스업
858,I.026,20171228,A019685,코스피 서비스업
859,I.026,20171228,A020120,코스피 서비스업
860,I.026,20171228,A021240,코스피 서비스업
861,I.026,20171228,A023350,코스피 서비스업
862,I.026,20171228,A023590,코스피 서비스업
863,I.026,20171228,A028050,코스피 서비스업
864,I.026,20171228,A030000,코스피 서비스업
865,I.026,20171228,A030790,코스피 서비스업
866,I.026,20171228,A031440,코스피 서비스업
867,I.026,20171228,A031820,코스피 서비스업
868,I.026,20171228,A032350,코스피 서비스업
869,I.026,20171228,A034120,코스피 서비스업
870,I.026,20171228,A035000,코스피 서비스업
871,I.026,20171228,A035250,코스피 서비스업
872,I.026,20171228,A035420,코스피 서비스업
873,I.026,20171228,A035510,코스피 서비스업
874,I.026,20171228,A035720,코스피 서비스업
875,I.026,20171228,A036570,코스피 서비스업
876,I.026,20171228,A037270,코스피 서비스업
877,I.026,20171228,A037560,코스피 서비스업
878,I.026,20171228,A039130,코스피 서비스업
879,I.026,20171228,A052690,코스피 서비스업
880,I.026,20171228,A053210,코스피 서비스업
881,I.026,20171228,A053690,코스피 서비스업
882,I.026,20171228,A058850,코스피 서비스업
883,I.026,20171228,A058860,코스피 서비스업
884,I.026,20171228,A068290,코스피 서비스업
885,I.026,20171228,A068400,코스피 서비스업
886,I.026,20171228,A070960,코스피 서비스업
887,I.026,20171228,A072130,코스피 서비스업
888,I.026,20171228,A078000,코스피 서비스업
889,I.026,20171228,A079160,코스피 서비스업
890,I.026,20171228,A083370,코스피 서비스업
891,I.026,20171228,A083380,코스피 서비스업
892,I.026,20171228,A084680,코스피 서비스업
893,I.026,20171228,A094280,코스피 서비스업
894,I.026,20171228,A095570,코스피 서비스업
895,I.026,20171228,A095720,코스피 서비스업
896,I.026,20171228,A100220,코스피 서비스업
897,I.026,20171228,A102260,코스피 서비스업
898,I.026,20171228,A114090,코스피 서비스업
899,I.026,20171228,A126560,코스피 서비스업
900,I.026,20171228,A130660,코스피 서비스업
901,I.026,20171228,A140890,코스피 서비스업
902,I.026,20171228,A140910,코스피 서비스업
903,I.026,20171228,A145270,코스피 서비스업
904,I.026,20171228,A153360,코스피 서비스업
905,I.026,20171228,A155900,코스피 서비스업
906,I.026,20171228,A159650,코스피 서비스업
907,I.026,20171228,A172580,코스피 서비스업
908,I.026,20171228,A181710,코스피 서비스업
909,I.026,20171228,A204210,코스피 서비스업
910,I.026,20171228,A210980,코스피 서비스업
911,I.026,20171228,A214320,코스피 서비스업
912,I.026,20171228,A251270,코스피 서비스업
913,I.027,20171228,A000020,코스피 제조업
914,I.027,20171228,A000040,코스피 제조업
915,I.027,20171228,A000050,코스피 제조업
916,I.027,20171228,A000080,코스피 제조업
917,I.027,20171228,A000087,코스피 제조업
918,I.027,20171228,A000100,코스피 제조업
919,I.027,20171228,A000105,코스피 제조업
920,I.027,20171228,A000220,코스피 제조업
921,I.027,20171228,A000225,코스피 제조업
922,I.027,20171228,A000227,코스피 제조업
923,I.027,20171228,A000270,코스피 제조업
924,I.027,20171228,A000300,코스피 제조업
925,I.027,20171228,A000390,코스피 제조업
926,I.027,20171228,A000430,코스피 제조업
927,I.027,20171228,A000480,코스피 제조업
928,I.027,20171228,A000490,코스피 제조업
929,I.027,20171228,A000500,코스피 제조업
930,I.027,20171228,A000520,코스피 제조업
931,I.027,20171228,A000660,코스피 제조업
932,I.027,20171228,A000670,코스피 제조업
933,I.027,20171228,A000850,코스피 제조업
934,I.027,20171228,A000860,코스피 제조업
935,I.027,20171228,A000880,코스피 제조업
936,I.027,20171228,A000885,코스피 제조업
937,I.027,20171228,A00088K,코스피 제조업
938,I.027,20171228,A000890,코스피 제조업
939,I.027,20171228,A000910,코스피 제조업
940,I.027,20171228,A000950,코스피 제조업
941,I.027,20171228,A000970,코스피 제조업
942,I.027,20171228,A000990,코스피 제조업
943,I.027,20171228,A000995,코스피 제조업
944,I.027,20171228,A001020,코스피 제조업
945,I.027,20171228,A001060,코스피 제조업
946,I.027,20171228,A001065,코스피 제조업
947,I.027,20171228,A001067,코스피 제조업
948,I.027,20171228,A001070,코스피 제조업
949,I.027,20171228,A001080,코스피 제조업
950,I.027,20171228,A001130,코스피 제조업
951,I.027,20171228,A001210,코스피 제조업
952,I.027,20171228,A001230,코스피 제조업
953,I.027,20171228,A001340,코스피 제조업
954,I.027,20171228,A001360,코스피 제조업
955,I.027,20171228,A001380,코스피 제조업
956,I.027,20171228,A001390,코스피 제조업
957,I.027,20171228,A001420,코스피 제조업
958,I.027,20171228,A001430,코스피 제조업
959,I.027,20171228,A001440,코스피 제조업
960,I.027,20171228,A001460,코스피 제조업
961,I.027,20171228,A001465,코스피 제조업
962,I.027,20171228,A001520,코스피 제조업
963,I.027,20171228,A001525,코스피 제조업
964,I.027,20171228,A001527,코스피 제조업
965,I.027,20171228,A001529,코스피 제조업
966,I.027,20171228,A001530,코스피 제조업
967,I.027,20171228,A001550,코스피 제조업
968,I.027,20171228,A001560,코스피 제조업
969,I.027,20171228,A001570,코스피 제조업
970,I.027,20171228,A001620,코스피 제조업
971,I.027,20171228,A001680,코스피 제조업
972,I.027,20171228,A001685,코스피 제조업
973,I.027,20171228,A001770,코스피 제조업
974,I.027,20171228,A001780,코스피 제조업
975,I.027,20171228,A001790,코스피 제조업
976,I.027,20171228,A001795,코스피 제조업
977,I.027,20171228,A001799,코스피 제조업
978,I.027,20171228,A001800,코스피 제조업
979,I.027,20171228,A001820,코스피 제조업
980,I.027,20171228,A002000,코스피 제조업
981,I.027,20171228,A002005,코스피 제조업
982,I.027,20171228,A002070,코스피 제조업
983,I.027,20171228,A002100,코스피 제조업
984,I.027,20171228,A002140,코스피 제조업
985,I.027,20171228,A002170,코스피 제조업
986,I.027,20171228,A002200,코스피 제조업
987,I.027,20171228,A002210,코스피 제조업
988,I.027,20171228,A002220,코스피 제조업
989,I.027,20171228,A002240,코스피 제조업
990,I.027,20171228,A002250,코스피 제조업
991,I.027,20171228,A002270,코스피 제조업
992,I.027,20171228,A002300,코스피 제조업
993,I.027,20171228,A002310,코스피 제조업
994,I.027,20171228,A002350,코스피 제조업
995,I.027,20171228,A002355,코스피 제조업
996,I.027,20171228,A002360,코스피 제조업
997,I.027,20171228,A002380,코스피 제조업
998,I.027,20171228,A002390,코스피 제조업
999,I.027,20171228,A002450,코스피 제조업
1000,I.027,20171228,A002600,코스피 제조업
1001,I.027,20171228,A002630,코스피 제조업
1002,I.027,20171228,A002690,코스피 제조업
1003,I.027,20171228,A002710,코스피 제조업
1004,I.027,20171228,A002720,코스피 제조업
1005,I.027,20171228,A002760,코스피 제조업
1006,I.027,20171228,A002820,코스피 제조업
1007,I.027,20171228,A002840,코스피 제조업
1008,I.027,20171228,A002870,코스피 제조업
1009,I.027,20171228,A002880,코스피 제조업
1010,I.027,20171228,A002900,코스피 제조업
1011,I.027,20171228,A002920,코스피 제조업
1012,I.027,20171228,A002960,코스피 제조업
1013,I.027,20171228,A003000,코스피 제조업
1014,I.027,20171228,A003030,코스피 제조업
1015,I.027,20171228,A003060,코스피 제조업
1016,I.027,20171228,A003080,코스피 제조업
1017,I.027,20171228,A003120,코스피 제조업
1018,I.027,20171228,A003160,코스피 제조업
1019,I.027,20171228,A003200,코스피 제조업
1020,I.027,20171228,A003220,코스피 제조업
1021,I.027,20171228,A003230,코스피 제조업
1022,I.027,20171228,A003240,코스피 제조업
1023,I.027,20171228,A003300,코스피 제조업
1024,I.027,20171228,A003350,코스피 제조업
1025,I.027,20171228,A003410,코스피 제조업
1026,I.027,20171228,A003415,코스피 제조업
1027,I.027,20171228,A003520,코스피 제조업
1028,I.027,20171228,A003570,코스피 제조업
1029,I.027,20171228,A003610,코스피 제조업
1030,I.027,20171228,A003620,코스피 제조업
1031,I.027,20171228,A003650,코스피 제조업
1032,I.027,20171228,A003680,코스피 제조업
1033,I.027,20171228,A003720,코스피 제조업
1034,I.027,20171228,A003780,코스피 제조업
1035,I.027,20171228,A003830,코스피 제조업
1036,I.027,20171228,A003850,코스피 제조업
1037,I.027,20171228,A003920,코스피 제조업
1038,I.027,20171228,A003925,코스피 제조업
1039,I.027,20171228,A003960,코스피 제조업
1040,I.027,20171228,A004000,코스피 제조업
1041,I.027,20171228,A004020,코스피 제조업
1042,I.027,20171228,A004090,코스피 제조업
1043,I.027,20171228,A004100,코스피 제조업
1044,I.027,20171228,A004105,코스피 제조업
1045,I.027,20171228,A004130,코스피 제조업
1046,I.027,20171228,A004135,코스피 제조업
1047,I.027,20171228,A004250,코스피 제조업
1048,I.027,20171228,A004255,코스피 제조업
1049,I.027,20171228,A004310,코스피 제조업
1050,I.027,20171228,A004370,코스피 제조업
1051,I.027,20171228,A004380,코스피 제조업
1052,I.027,20171228,A004410,코스피 제조업
1053,I.027,20171228,A004415,코스피 제조업
1054,I.027,20171228,A004430,코스피 제조업
1055,I.027,20171228,A004440,코스피 제조업
1056,I.027,20171228,A004450,코스피 제조업
1057,I.027,20171228,A004490,코스피 제조업
1058,I.027,20171228,A004540,코스피 제조업
1059,I.027,20171228,A004545,코스피 제조업
1060,I.027,20171228,A004560,코스피 제조업
1061,I.027,20171228,A004565,코스피 제조업
1062,I.027,20171228,A004700,코스피 제조업
1063,I.027,20171228,A004710,코스피 제조업
1064,I.027,20171228,A004720,코스피 제조업
1065,I.027,20171228,A004770,코스피 제조업
1066,I.027,20171228,A004800,코스피 제조업
1067,I.027,20171228,A004830,코스피 제조업
1068,I.027,20171228,A004835,코스피 제조업
1069,I.027,20171228,A004870,코스피 제조업
1070,I.027,20171228,A004890,코스피 제조업
1071,I.027,20171228,A004910,코스피 제조업
1072,I.027,20171228,A004920,코스피 제조업
1073,I.027,20171228,A004980,코스피 제조업
1074,I.027,20171228,A004985,코스피 제조업
1075,I.027,20171228,A004987,코스피 제조업
1076,I.027,20171228,A004989,코스피 제조업
1077,I.027,20171228,A004990,코스피 제조업
1078,I.027,20171228,A00499K,코스피 제조업
1079,I.027,20171228,A005010,코스피 제조업
1080,I.027,20171228,A005030,코스피 제조업
1081,I.027,20171228,A005070,코스피 제조업
1082,I.027,20171228,A005090,코스피 제조업
1083,I.027,20171228,A005180,코스피 제조업
1084,I.027,20171228,A005190,코스피 제조업
1085,I.027,20171228,A005300,코스피 제조업
1086,I.027,20171228,A005305,코스피 제조업
1087,I.027,20171228,A005380,코스피 제조업
1088,I.027,20171228,A005385,코스피 제조업
1089,I.027,20171228,A005387,코스피 제조업
1090,I.027,20171228,A005389,코스피 제조업
1091,I.027,20171228,A005420,코스피 제조업
1092,I.027,20171228,A005490,코스피 제조업
1093,I.027,20171228,A005500,코스피 제조업
1094,I.027,20171228,A005610,코스피 제조업
1095,I.027,20171228,A005680,코스피 제조업
1096,I.027,20171228,A005690,코스피 제조업
1097,I.027,20171228,A005750,코스피 제조업
1098,I.027,20171228,A005800,코스피 제조업
1099,I.027,20171228,A005820,코스피 제조업
1100,I.027,20171228,A005850,코스피 제조업
1101,I.027,20171228,A005870,코스피 제조업
1102,I.027,20171228,A005930,코스피 제조업
1103,I.027,20171228,A005935,코스피 제조업
1104,I.027,20171228,A005950,코스피 제조업
1105,I.027,20171228,A006060,코스피 제조업
1106,I.027,20171228,A006090,코스피 제조업
1107,I.027,20171228,A006110,코스피 제조업
1108,I.027,20171228,A006120,코스피 제조업
1109,I.027,20171228,A006125,코스피 제조업
1110,I.027,20171228,A006280,코스피 제조업
1111,I.027,20171228,A006340,코스피 제조업
1112,I.027,20171228,A006345,코스피 제조업
1113,I.027,20171228,A006380,코스피 제조업
1114,I.027,20171228,A006390,코스피 제조업
1115,I.027,20171228,A006400,코스피 제조업
1116,I.027,20171228,A006405,코스피 제조업
1117,I.027,20171228,A006570,코스피 제조업
1118,I.027,20171228,A006650,코스피 제조업
1119,I.027,20171228,A006660,코스피 제조업
1120,I.027,20171228,A006740,코스피 제조업
1121,I.027,20171228,A006890,코스피 제조업
1122,I.027,20171228,A006980,코스피 제조업
1123,I.027,20171228,A007210,코스피 제조업
1124,I.027,20171228,A007280,코스피 제조업
1125,I.027,20171228,A007310,코스피 제조업
1126,I.027,20171228,A007340,코스피 제조업
1127,I.027,20171228,A007460,코스피 제조업
1128,I.027,20171228,A007570,코스피 제조업
1129,I.027,20171228,A007575,코스피 제조업
1130,I.027,20171228,A007590,코스피 제조업
1131,I.027,20171228,A007610,코스피 제조업
1132,I.027,20171228,A007630,코스피 제조업
1133,I.027,20171228,A007660,코스피 제조업
1134,I.027,20171228,A007690,코스피 제조업
1135,I.027,20171228,A007700,코스피 제조업
1136,I.027,20171228,A007810,코스피 제조업
1137,I.027,20171228,A007815,코스피 제조업
1138,I.027,20171228,A00781K,코스피 제조업
1139,I.027,20171228,A007980,코스피 제조업
1140,I.027,20171228,A008000,코스피 제조업
1141,I.027,20171228,A008040,코스피 제조업
1142,I.027,20171228,A008060,코스피 제조업
1143,I.027,20171228,A008110,코스피 제조업
1144,I.027,20171228,A008250,코스피 제조업
1145,I.027,20171228,A008260,코스피 제조업
1146,I.027,20171228,A008350,코스피 제조업
1147,I.027,20171228,A008355,코스피 제조업
1148,I.027,20171228,A008420,코스피 제조업
1149,I.027,20171228,A008490,코스피 제조업
1150,I.027,20171228,A008500,코스피 제조업
1151,I.027,20171228,A008700,코스피 제조업
1152,I.027,20171228,A008730,코스피 제조업
1153,I.027,20171228,A008870,코스피 제조업
1154,I.027,20171228,A008970,코스피 제조업
1155,I.027,20171228,A009140,코스피 제조업
1156,I.027,20171228,A009150,코스피 제조업
1157,I.027,20171228,A009155,코스피 제조업
1158,I.027,20171228,A009160,코스피 제조업
1159,I.027,20171228,A009190,코스피 제조업
1160,I.027,20171228,A009200,코스피 제조업
1161,I.027,20171228,A009270,코스피 제조업
1162,I.027,20171228,A009275,코스피 제조업
1163,I.027,20171228,A009290,코스피 제조업
1164,I.027,20171228,A009310,코스피 제조업
1165,I.027,20171228,A009320,코스피 제조업
1166,I.027,20171228,A009420,코스피 제조업
1167,I.027,20171228,A009450,코스피 제조업
1168,I.027,20171228,A009460,코스피 제조업
1169,I.027,20171228,A009470,코스피 제조업
1170,I.027,20171228,A009540,코스피 제조업
1171,I.027,20171228,A009580,코스피 제조업
1172,I.027,20171228,A009680,코스피 제조업
1173,I.027,20171228,A009770,코스피 제조업
1174,I.027,20171228,A009830,코스피 제조업
1175,I.027,20171228,A009835,코스피 제조업
1176,I.027,20171228,A010040,코스피 제조업
1177,I.027,20171228,A010060,코스피 제조업
1178,I.027,20171228,A010100,코스피 제조업
1179,I.027,20171228,A010120,코스피 제조업
1180,I.027,20171228,A010130,코스피 제조업
1181,I.027,20171228,A010140,코스피 제조업
1182,I.027,20171228,A010145,코스피 제조업
1183,I.027,20171228,A010580,코스피 제조업
1184,I.027,20171228,A010620,코스피 제조업
1185,I.027,20171228,A010640,코스피 제조업
1186,I.027,20171228,A010660,코스피 제조업
1187,I.027,20171228,A010690,코스피 제조업
1188,I.027,20171228,A010780,코스피 제조업
1189,I.027,20171228,A010820,코스피 제조업
1190,I.027,20171228,A010950,코스피 제조업
1191,I.027,20171228,A010955,코스피 제조업
1192,I.027,20171228,A011000,코스피 제조업
1193,I.027,20171228,A011070,코스피 제조업
1194,I.027,20171228,A011090,코스피 제조업
1195,I.027,20171228,A011150,코스피 제조업
1196,I.027,20171228,A011155,코스피 제조업
1197,I.027,20171228,A011170,코스피 제조업
1198,I.027,20171228,A011210,코스피 제조업
1199,I.027,20171228,A011230,코스피 제조업
1200,I.027,20171228,A011280,코스피 제조업
1201,I.027,20171228,A011300,코스피 제조업
1202,I.027,20171228,A011330,코스피 제조업
1203,I.027,20171228,A011390,코스피 제조업
1204,I.027,20171228,A011500,코스피 제조업
1205,I.027,20171228,A011690,코스피 제조업
1206,I.027,20171228,A011700,코스피 제조업
1207,I.027,20171228,A011780,코스피 제조업
1208,I.027,20171228,A011785,코스피 제조업
1209,I.027,20171228,A011790,코스피 제조업
1210,I.027,20171228,A011930,코스피 제조업
1211,I.027,20171228,A012160,코스피 제조업
1212,I.027,20171228,A012200,코스피 제조업
1213,I.027,20171228,A012205,코스피 제조업
1214,I.027,20171228,A012280,코스피 제조업
1215,I.027,20171228,A012330,코스피 제조업
1216,I.027,20171228,A012450,코스피 제조업
1217,I.027,20171228,A012600,코스피 제조업
1218,I.027,20171228,A012610,코스피 제조업
1219,I.027,20171228,A012690,코스피 제조업
1220,I.027,20171228,A012800,코스피 제조업
1221,I.027,20171228,A013520,코스피 제조업
1222,I.027,20171228,A013870,코스피 제조업
1223,I.027,20171228,A014160,코스피 제조업
1224,I.027,20171228,A014280,코스피 제조업
1225,I.027,20171228,A014285,코스피 제조업
1226,I.027,20171228,A014440,코스피 제조업
1227,I.027,20171228,A014530,코스피 제조업
1228,I.027,20171228,A014580,코스피 제조업
1229,I.027,20171228,A014680,코스피 제조업
1230,I.027,20171228,A014710,코스피 제조업
1231,I.027,20171228,A014820,코스피 제조업
1232,I.027,20171228,A014825,코스피 제조업
1233,I.027,20171228,A014830,코스피 제조업
1234,I.027,20171228,A014910,코스피 제조업
1235,I.027,20171228,A014915,코스피 제조업
1236,I.027,20171228,A014990,코스피 제조업
1237,I.027,20171228,A015230,코스피 제조업
1238,I.027,20171228,A015260,코스피 제조업
1239,I.027,20171228,A015590,코스피 제조업
1240,I.027,20171228,A015890,코스피 제조업
1241,I.027,20171228,A016090,코스피 제조업
1242,I.027,20171228,A016380,코스피 제조업
1243,I.027,20171228,A016385,코스피 제조업
1244,I.027,20171228,A016580,코스피 제조업
1245,I.027,20171228,A016590,코스피 제조업
1246,I.027,20171228,A016740,코스피 제조업
1247,I.027,20171228,A016800,코스피 제조업
1248,I.027,20171228,A017040,코스피 제조업
1249,I.027,20171228,A017180,코스피 제조업
1250,I.027,20171228,A017370,코스피 제조업
1251,I.027,20171228,A017550,코스피 제조업
1252,I.027,20171228,A017800,코스피 제조업
1253,I.027,20171228,A017900,코스피 제조업
1254,I.027,20171228,A017960,코스피 제조업
1255,I.027,20171228,A018470,코스피 제조업
1256,I.027,20171228,A018500,코스피 제조업
1257,I.027,20171228,A018880,코스피 제조업
1258,I.027,20171228,A019170,코스피 제조업
1259,I.027,20171228,A019175,코스피 제조업
1260,I.027,20171228,A019180,코스피 제조업
1261,I.027,20171228,A019440,코스피 제조업
1262,I.027,20171228,A019490,코스피 제조업
1263,I.027,20171228,A020000,코스피 제조업
1264,I.027,20171228,A020150,코스피 제조업
1265,I.027,20171228,A020760,코스피 제조업
1266,I.027,20171228,A021050,코스피 제조업
1267,I.027,20171228,A021820,코스피 제조업
1268,I.027,20171228,A023000,코스피 제조업
1269,I.027,20171228,A023150,코스피 제조업
1270,I.027,20171228,A023450,코스피 제조업
1271,I.027,20171228,A023800,코스피 제조업
1272,I.027,20171228,A023810,코스피 제조업
1273,I.027,20171228,A024070,코스피 제조업
1274,I.027,20171228,A024090,코스피 제조업
1275,I.027,20171228,A024890,코스피 제조업
1276,I.027,20171228,A024900,코스피 제조업
1277,I.027,20171228,A025000,코스피 제조업
1278,I.027,20171228,A025540,코스피 제조업
1279,I.027,20171228,A025560,코스피 제조업
1280,I.027,20171228,A025620,코스피 제조업
1281,I.027,20171228,A025750,코스피 제조업
1282,I.027,20171228,A025820,코스피 제조업
1283,I.027,20171228,A025860,코스피 제조업
1284,I.027,20171228,A025890,코스피 제조업
1285,I.027,20171228,A026890,코스피 제조업
1286,I.027,20171228,A026940,코스피 제조업
1287,I.027,20171228,A027740,코스피 제조업
1288,I.027,20171228,A027970,코스피 제조업
1289,I.027,20171228,A029460,코스피 제조업
1290,I.027,20171228,A029530,코스피 제조업
1291,I.027,20171228,A032560,코스피 제조업
1292,I.027,20171228,A033180,코스피 제조업
1293,I.027,20171228,A033240,코스피 제조업
1294,I.027,20171228,A033250,코스피 제조업
1295,I.027,20171228,A033270,코스피 제조업
1296,I.027,20171228,A033530,코스피 제조업
1297,I.027,20171228,A033780,코스피 제조업
1298,I.027,20171228,A033920,코스피 제조업
1299,I.027,20171228,A034020,코스피 제조업
1300,I.027,20171228,A034220,코스피 제조업
1301,I.027,20171228,A035150,코스피 제조업
1302,I.027,20171228,A036580,코스피 제조업
1303,I.027,20171228,A041650,코스피 제조업
1304,I.027,20171228,A042660,코스피 제조업
1305,I.027,20171228,A042670,코스피 제조업
1306,I.027,20171228,A042700,코스피 제조업
1307,I.027,20171228,A044380,코스피 제조업
1308,I.027,20171228,A047400,코스피 제조업
1309,I.027,20171228,A047810,코스피 제조업
1310,I.027,20171228,A049770,코스피 제조업
1311,I.027,20171228,A049800,코스피 제조업
1312,I.027,20171228,A051630,코스피 제조업
1313,I.027,20171228,A051900,코스피 제조업
1314,I.027,20171228,A051905,코스피 제조업
1315,I.027,20171228,A051910,코스피 제조업
1316,I.027,20171228,A051915,코스피 제조업
1317,I.027,20171228,A055490,코스피 제조업
1318,I.027,20171228,A058430,코스피 제조업
1319,I.027,20171228,A058730,코스피 제조업
1320,I.027,20171228,A063160,코스피 제조업
1321,I.027,20171228,A064350,코스피 제조업
1322,I.027,20171228,A064960,코스피 제조업
1323,I.027,20171228,A066570,코스피 제조업
1324,I.027,20171228,A066575,코스피 제조업
1325,I.027,20171228,A069260,코스피 제조업
1326,I.027,20171228,A069460,코스피 제조업
1327,I.027,20171228,A069620,코스피 제조업
1328,I.027,20171228,A069730,코스피 제조업
1329,I.027,20171228,A071090,코스피 제조업
1330,I.027,20171228,A071950,코스피 제조업
1331,I.027,20171228,A071970,코스피 제조업
1332,I.027,20171228,A073240,코스피 제조업
1333,I.027,20171228,A074610,코스피 제조업
1334,I.027,20171228,A075180,코스피 제조업
1335,I.027,20171228,A075580,코스피 제조업
1336,I.027,20171228,A077970,코스피 제조업
1337,I.027,20171228,A078520,코스피 제조업
1338,I.027,20171228,A079430,코스피 제조업
1339,I.027,20171228,A079550,코스피 제조업
1340,I.027,20171228,A079660,코스피 제조업
1341,I.027,20171228,A079980,코스피 제조업
1342,I.027,20171228,A081000,코스피 제조업
1343,I.027,20171228,A082740,코스피 제조업
1344,I.027,20171228,A083420,코스피 제조업
1345,I.027,20171228,A084010,코스피 제조업
1346,I.027,20171228,A084870,코스피 제조업
1347,I.027,20171228,A085310,코스피 제조업
1348,I.027,20171228,A089470,코스피 제조업
1349,I.027,20171228,A090080,코스피 제조업
1350,I.027,20171228,A090350,코스피 제조업
1351,I.027,20171228,A090355,코스피 제조업
1352,I.027,20171228,A090370,코스피 제조업
1353,I.027,20171228,A090430,코스피 제조업
1354,I.027,20171228,A090435,코스피 제조업
1355,I.027,20171228,A091090,코스피 제조업
1356,I.027,20171228,A092200,코스피 제조업
1357,I.027,20171228,A092220,코스피 제조업
1358,I.027,20171228,A092440,코스피 제조업
1359,I.027,20171228,A092780,코스피 제조업
1360,I.027,20171228,A093050,코스피 제조업
1361,I.027,20171228,A093240,코스피 제조업
1362,I.027,20171228,A093370,코스피 제조업
1363,I.027,20171228,A097950,코스피 제조업
1364,I.027,20171228,A097955,코스피 제조업
1365,I.027,20171228,A100840,코스피 제조업
1366,I.027,20171228,A101530,코스피 제조업
1367,I.027,20171228,A102280,코스피 제조업
1368,I.027,20171228,A102460,코스피 제조업
1369,I.027,20171228,A103130,코스피 제조업
1370,I.027,20171228,A103140,코스피 제조업
1371,I.027,20171228,A103590,코스피 제조업
1372,I.027,20171228,A104700,코스피 제조업
1373,I.027,20171228,A105630,코스피 제조업
1374,I.027,20171228,A105840,코스피 제조업
1375,I.027,20171228,A108670,코스피 제조업
1376,I.027,20171228,A108675,코스피 제조업
1377,I.027,20171228,A109070,코스피 제조업
1378,I.027,20171228,A111110,코스피 제조업
1379,I.027,20171228,A112610,코스피 제조업
1380,I.027,20171228,A115390,코스피 제조업
1381,I.027,20171228,A119650,코스피 제조업
1382,I.027,20171228,A120030,코스피 제조업
1383,I.027,20171228,A120110,코스피 제조업
1384,I.027,20171228,A120115,코스피 제조업
1385,I.027,20171228,A123700,코스피 제조업
1386,I.027,20171228,A128940,코스피 제조업
1387,I.027,20171228,A133820,코스피 제조업
1388,I.027,20171228,A134380,코스피 제조업
1389,I.027,20171228,A134790,코스피 제조업
1390,I.027,20171228,A136490,코스피 제조업
1391,I.027,20171228,A138490,코스피 제조업
1392,I.027,20171228,A143210,코스피 제조업
1393,I.027,20171228,A144620,코스피 제조업
1394,I.027,20171228,A145210,코스피 제조업
1395,I.027,20171228,A145720,코스피 제조업
1396,I.027,20171228,A145990,코스피 제조업
1397,I.027,20171228,A145995,코스피 제조업
1398,I.027,20171228,A152330,코스피 제조업
1399,I.027,20171228,A155660,코스피 제조업
1400,I.027,20171228,A161000,코스피 제조업
1401,I.027,20171228,A161390,코스피 제조업
1402,I.027,20171228,A161890,코스피 제조업
1403,I.027,20171228,A163560,코스피 제조업
1404,I.027,20171228,A170900,코스피 제조업
1405,I.027,20171228,A183190,코스피 제조업
1406,I.027,20171228,A185750,코스피 제조업
1407,I.027,20171228,A192400,코스피 제조업
1408,I.027,20171228,A192820,코스피 제조업
1409,I.027,20171228,A194370,코스피 제조업
1410,I.027,20171228,A195870,코스피 제조업
1411,I.027,20171228,A200880,코스피 제조업
1412,I.027,20171228,A204320,코스피 제조업
1413,I.027,20171228,A207940,코스피 제조업
1414,I.027,20171228,A210540,코스피 제조업
1415,I.027,20171228,A213500,코스피 제조업
1416,I.027,20171228,A214330,코스피 제조업
1417,I.027,20171228,A214390,코스피 제조업
1418,I.027,20171228,A214420,코스피 제조업
1419,I.027,20171228,A234080,코스피 제조업
1420,I.027,20171228,A248170,코스피 제조업
1421,I.027,20171228,A249420,코스피 제조업
1422,I.027,20171228,A264900,코스피 제조업
1423,I.027,20171228,A26490K,코스피 제조업
1424,I.027,20171228,A267260,코스피 제조업
1425,I.027,20171228,A267270,코스피 제조업
1426,I.027,20171228,A268280,코스피 제조업
1427,I.027,20171228,A271560,코스피 제조업
1428,I.027,20171228,A271980,코스피 제조업
1429,I.027,20171228,A272550,코스피 제조업
1430,I.027,20171228,A280360,코스피 제조업
1431,I.027,20171228,A281820,코스피 제조업
1432,I.027,20171228,A282690,코스피 제조업
